intent,query,ai_overview,sources,featured_snippet,paa,knowledge_graph,local_results,recipes,shopping,inline_shopping,immersive_products,videos,discussions,events_results,perspectives
symptom,what causes headache behind the eyes,1,allaboutvision.com;buzzrx.com;health.com;hillsideprimarycare.com;medicalnewstoday.com;ubiehealth.com;webmd.com,0,1,0,0,0,0,0,0,0,0,0,0
symptom,why do i have headache behind the eyes,1,allaboutvision.com;buzzrx.com;health.com;hillsideprimarycare.com;medicalnewstoday.com;ubiehealth.com;webmd.com,0,1,0,0,0,0,0,0,0,0,0,0
symptom,is headache behind the eyes serious,1,centreforsight.net;classicvisioncare.com;ubiehealth.com;webmd.com,0,1,0,0,0,0,0,0,0,0,0,0
symptom,how to relieve headache behind the eyes,1,2020eyevenue.com;eye7.in;facebook.com;hillsideprimarycare.com;ibaclinic.com;int.livhospital.com;kinglasik.com;nweyeclinic.com;theactivehealthclinics.com;unitypoint.org;webmd.com;yahoo.com;youtube.com,0,1,0,0,0,0,0,0,1,1,0,0
symptom,headache behind the eyes that wont go away,1,allaboutvision.com;cedars-sinai.org;eye7.in;health.harvard.edu;healthline.com;hillsideprimarycare.com;mayoclinic.org;nhs.uk;nweyeclinic.com;ubiehealth.com;webmd.com,0,1,0,0,0,0,0,0,0,1,0,0
symptom,what causes lower back pain,1,advocatehealth.com;bannerhealth.com;brownhealth.org;hss.edu;mayoclinic.org;med.stanford.edu,0,1,0,0,0,0,0,0,1,0,0,0
symptom,why do i have lower back pain,1,advocatehealth.com;bannerhealth.com;brownhealth.org;hss.edu;mayoclinic.org;med.stanford.edu,0,1,0,0,0,0,0,0,0,1,0,0
symptom,is lower back pain serious,1,mayoclinic.org;orlandoortho.com;ufhealth.org;upmc.com;utswmed.org;youtube.com,0,1,0,0,0,0,0,0,0,0,0,0
symptom,how to relieve lower back pain,1,advocatehealth.com;emoryhealthcare.org;health.harvard.edu;mayoclinic.org;my.clevelandclinic.org;youtube.com,0,1,0,0,0,0,0,0,1,0,0,0
symptom,lower back pain that wont go away,1,emoryhealthcare.org;fixmedicalgroup.com;hopkinsmedicine.org;mayoclinic.org;my.clevelandclinic.org;spinediagnostic.com;umms.org;upmc.com;utswmed.org;youtube.com,0,1,0,0,0,0,0,0,0,1,0,0
symptom,what causes sore throat,1,cdc.gov;mayoclinic.org;my.clevelandclinic.org;osteopathic.org;ufhealth.org;youtube.com,0,1,0,0,0,0,0,0,0,0,0,0
symptom,why do i have sore throat,1,cdc.gov;healthdirect.gov.au;mayoclinic.org;my.clevelandclinic.org;newsinhealth.nih.gov;nhsinform.scot;yalemedicine.org,0,1,0,0,0,0,0,0,0,0,0,0
symptom,is sore throat serious,1,doctorondemand.com;medicalnewstoday.com;my.clevelandclinic.org;nhsinform.scot;pihhealth.org;ubiehealth.com,0,1,0,0,0,0,0,0,0,0,0,0
symptom,how to relieve sore throat,1,altamed.org;ent-specialists.net;health.clevelandclinic.org;mayoclinic.org;newsinhealth.nih.gov;pikespeakentallergyasthma.com;ubiehealth.com,0,1,0,0,0,0,0,0,0,0,0,0
symptom,sore throat that wont go away,1,cancercenter.com;cdc.gov;citymd.com;healthline.com;lents.com;mayoclinic.org;my.clevelandclinic.org;ncspecialty.com;nhs.uk;orlandohealth.com;osteopathic.org;palmettoentallergy.com,0,1,0,0,0,0,0,0,0,1,0,0
symptom,what causes ringing in ears,1,ent-sd.com;mayoclinic.org;medlineplus.gov;my.clevelandclinic.org,0,1,0,0,0,0,0,0,0,0,0,0
symptom,why do i have ringing in ears,1,ata.org;mayoclinic.org;medlineplus.gov;my.clevelandclinic.org;newsinhealth.nih.gov;rush.edu,0,1,0,0,0,0,0,0,0,0,0,0
symptom,is ringing in ears serious,1,froedtert.com;my.clevelandclinic.org;webmd.com;youtube.com,0,1,0,0,0,0,0,0,0,1,0,0
symptom,how to relieve ringing in ears,1,health.harvard.edu;mayoclinic.org;my.clevelandclinic.org;soundrelief.com;webmd.com;widex.com,0,1,0,0,0,0,0,0,1,1,0,0
symptom,ringing in ears that wont go away,1,entcare.org;greenvilleentspecialists.com;healthline.com;mayoclinic.org;my.clevelandclinic.org;youtube.com,0,1,0,0,0,0,0,0,0,1,0,0
symptom,what causes numbness in fingers,1,mayoclinic.org;mississippisportsmedicine.com;motionorthodocs.com;sisurgicalservices.com;webmd.com;youtube.com,0,1,0,0,0,0,0,0,0,0,0,0
symptom,why do i have numbness in fingers,1,healthline.com;mississippisportsmedicine.com;motionorthodocs.com;summithealth.com;webmd.com,0,1,0,0,0,0,0,0,1,1,0,0
symptom,is numbness in fingers serious,1,healthline.com;healthpartners.com;mayoclinic.org;motionorthodocs.com;my.clevelandclinic.org;sisurgicalservices.com;summithealth.com;urmc.rochester.edu;youtube.com,0,1,0,0,0,0,0,0,1,0,0,0
symptom,how to relieve numbness in fingers,1,jointinstitutefl.com;my.clevelandclinic.org;nhs.uk;rheumatologycarehouston.com;summithealth.com;youtube.com,0,1,0,0,0,0,0,0,1,0,0,1
symptom,numbness in fingers that wont go away,1,healthline.com;mayoclinic.org;medicalnewstoday.com;summithealth.com;urmc.rochester.edu;webmd.com,0,1,0,0,0,0,0,0,0,0,0,0
symptom,what causes chest tightness,1,cardiaccarepc.com;healthline.com;medlineplus.gov;michiganmedicine.org;ubiehealth.com;webmd.com,0,1,0,0,0,0,0,0,0,0,0,0
symptom,why do i have chest tightness,1,cardiaccarepc.com;claritychi.com;facebook.com;healthline.com;michiganmedicine.org;my.clevelandclinic.org;ubiehealth.com;unitypoint.org;webmd.com;youtube.com,0,1,0,0,0,0,0,0,1,0,0,0
symptom,is chest tightness serious,1,healthdirect.gov.au;medicalnewstoday.com;michiganmedicine.org;my.clevelandclinic.org;nhlbi.nih.gov;ubiehealth.com;unitypoint.org,0,1,0,0,0,0,0,0,0,1,0,0
symptom,how to relieve chest tightness,1,medicalnewstoday.com;relainstitute.com;sakraworldhospital.com;scottsdaleprovidence.com;ubiehealth.com,0,1,0,0,0,0,0,0,1,1,0,0
symptom,chest tightness that wont go away,1,bhf.org.uk;health.harvard.edu;healthline.com;mayoclinic.org;my.clevelandclinic.org;wesleymc.com;youtube.com,0,1,0,0,0,0,0,0,0,1,0,0
symptom,what causes dizziness when standing up,1,coscardiology.com;goodrx.com;health.harvard.edu;mayoclinic.org;uclahealth.org;youtube.com,0,1,0,0,0,0,0,0,0,0,0,0
symptom,why do i have dizziness when standing up,1,bayarea-pt.com;goodrx.com;greenwoodpediatrics.com;hartfordhealthcare.org;uclahealth.org;youtube.com,0,1,0,0,0,0,0,0,0,1,0,0
symptom,is dizziness when standing up serious,1,aan.com;bayarea-pt.com;geisinger.org;goodrx.com;health.harvard.edu;mayoclinic.org;ubiehealth.com;uclahealth.org;youtube.com,0,1,0,0,0,0,0,0,0,0,0,0
symptom,how to relieve dizziness when standing up,1,goodrx.com;mayoclinic.org;my.clevelandclinic.org;nbcnews.com;uclahealth.org;youtube.com,0,1,0,0,0,0,0,0,0,1,0,0
symptom,dizziness when standing up that wont go away,1,coscardiology.com;goodrx.com;health.harvard.edu;mayoclinic.org;parkinson.org;reddit.com;uclahealth.org;wkcardiology.co.uk,0,1,0,0,0,0,0,0,1,1,0,0
symptom,what causes dry cough at night,1,concururgentcare.com;health.harvard.edu;my.clevelandclinic.org;ubiehealth.com;withpower.com;youtube.com,0,1,0,0,0,0,0,0,0,0,0,0
symptom,why do i have dry cough at night,1,concururgentcare.com;health.harvard.edu;my.clevelandclinic.org;ubiehealth.com;withpower.com;youtube.com,0,1,0,0,0,0,0,0,0,0,0,0
symptom,is dry cough at night serious,1,afcurgentcare.com;citymd.com;concururgentcare.com;goodrx.com;health.harvard.edu;ubiehealth.com;withpower.com,0,1,0,0,0,0,0,0,0,1,0,0
symptom,how to relieve dry cough at night,1,columbiadoctors.org;concururgentcare.com;delsym.com;healthline.com;mayoclinic.org;mucinex.com;theraflu.com;ubiehealth.com;webmd.com,0,1,0,0,0,0,0,0,0,0,0,0
symptom,dry cough at night that wont go away,1,columbiadoctors.org;concururgentcare.com;health.harvard.edu;healthline.com;lyracore.com;my.clevelandclinic.org;ubiehealth.com;youtube.com,0,1,0,0,0,0,0,0,1,1,0,0
symptom,what causes swollen ankles,1,cls.health;doctorsunited.com;footdockelemen.com;health.harvard.edu;my.clevelandclinic.org;nhs.uk;nm.org;webmd.com;youtube.com,0,1,0,0,0,0,0,0,0,0,0,0
symptom,why do i have swollen ankles,1,achillesfootandankle.com;cls.health;doctorsunited.com;footdockelemen.com;nhs.uk;nm.org;youtube.com,0,1,0,0,0,0,0,0,1,0,0,0
symptom,is swollen ankles serious,1,achillesfootandankle.com;bhf.org.uk;doctorsunited.com;nhs.uk;youtube.com,0,1,0,0,0,0,0,0,0,0,0,0
symptom,how to relieve swollen ankles,1,cls.health;elastoplast.com.au;goodrx.com;njveinspecialists.com;orlincohen.com,0,1,0,0,0,0,0,0,1,1,0,1
symptom,swollen ankles that wont go away,1,achillesfootandankle.com;cvmus.com;elastoplast.com.au;mayoclinic.org;nhs.uk;p-ortho.com;youtube.com,0,1,0,0,0,0,0,0,1,1,0,0
symptom,what causes eye twitching,1,dunyagozhospital.com;greenwicheye.com;mayoclinic.org;youtube.com,0,1,0,0,0,0,0,0,1,0,0,0
symptom,why do i have eye twitching,1,evolutionaryeyecare.com;greenwicheye.com;southwesteye.com,0,1,0,0,0,0,0,0,0,0,0,0
symptom,is eye twitching serious,1,coopervision.com;danielezra.co.uk;healthline.com;instagram.com;laeyeandlaser.com;mayoclinic.org;my.clevelandclinic.org;optimaeye.com;southwesteye.com;uclahealth.org;youtube.com,0,1,0,0,0,0,0,0,1,0,0,0
symptom,how to relieve eye twitching,1,eyecareofdelaware.com;healthline.com;hopkinsmedicine.org;nei.nih.gov;nm.org;pearlevision.com;southwesteye.com;verywellhealth.com;youtube.com,0,1,0,0,0,0,0,0,1,0,0,0
symptom,eye twitching that wont go away,1,bangkokhospital.com;healthline.com;hopkinsmedicine.org;my.clevelandclinic.org;southwesteye.com;youtube.com,0,1,0,0,0,0,0,0,0,1,0,0
symptom,what causes stomach cramps after eating,1,carygastro.com;cincinnati-gi.com;gastroconsa.com;gastrohealthpartners.com;mayoclinic.org;summithealth.com;ubiehealth.com;uoflhealth.org;youtube.com,0,1,0,0,0,0,0,0,0,0,0,0
symptom,why do i have stomach cramps after eating,1,carygastro.com;cincinnati-gi.com;gastroconsa.com;gastrohealthpartners.com;mayoclinic.org;summithealth.com;ubiehealth.com;uoflhealth.org;youtube.com,0,1,0,0,0,0,0,0,0,1,0,0
symptom,is stomach cramps after eating serious,1,cincinnati-gi.com;gastrohealthpartners.com;katyprimarycare.com;my.clevelandclinic.org;nhs.uk;pepto-bismol.com;stvincents.org;summithealth.com;uoflhealth.org;youtube.com,0,1,0,0,0,0,0,0,0,0,0,0
symptom,how to relieve stomach cramps after eating,1,bubsnaturals.com;carygastro.com;hackensackmeridianhealth.org;medlineplus.gov;michiganmedicine.org;my.clevelandclinic.org;npistanbul.com;stvincents.org;summithealth.com;tabibmd.com;thocc.org;yahoo.com,0,1,0,0,0,0,0,0,0,1,0,0
symptom,stomach cramps after eating that wont go away,1,ascentemc.com;carygastro.com;centreforgastrointestinalhealth.com.au;healthline.com;nhs.uk;oshihealth.com;stvincents.org;verywellhealth.com,0,1,0,0,0,0,0,0,0,1,0,0
symptom,what causes shortness of breath,1,aarp.org;bhf.org.uk;gradyhealth.org;healthdirect.gov.au;lung.org;mayoclinic.org;my.clevelandclinic.org;nhsinform.scot;unitypoint.org;webmd.com,0,1,0,0,0,0,0,0,1,0,0,0
symptom,why do i have shortness of breath,1,aarp.org;bhf.org.uk;gradyhealth.org;healthdirect.gov.au;lung.org;mayoclinic.org;my.clevelandclinic.org;nhsinform.scot;unitypoint.org;webmd.com,0,1,0,0,0,0,0,0,0,1,0,0
symptom,is shortness of breath serious,1,fivestarpulm.com;healthpartners.com;houstonmethodist.org;lung.org;mayoclinic.org;my.clevelandclinic.org;nhsinform.scot;windermeremedical.com,0,1,0,0,0,0,0,0,0,0,0,0
symptom,how to relieve shortness of breath,1,anadolumedicalcenter.com;bhf.org.uk;healthcare.utah.edu;healthline.com;mayoclinic.org;my.clevelandclinic.org;sakraworldhospital.com;youtube.com,0,1,0,0,0,0,0,0,0,0,0,0
symptom,shortness of breath that wont go away,1,cedars-sinai.org;healthcare.utah.edu;healthdirect.gov.au;healthpartners.com;lung.org;mayoclinic.org;my.clevelandclinic.org;nhsinform.scot,0,1,0,0,0,0,0,0,0,1,0,0
symptom,what causes night sweats,1,hartfordhealthcare.org;healthdirect.gov.au;mayoclinic.org;my.clevelandclinic.org;osmosis.org;osteopathic.org;texashealth.org,0,1,0,0,0,0,0,0,0,0,0,0
symptom,why do i have night sweats,1,hartfordhealthcare.org;healthdirect.gov.au;mayoclinic.org;my.clevelandclinic.org;osmosis.org;osteopathic.org;texashealth.org,0,1,0,0,0,0,0,0,0,0,0,0
symptom,is night sweats serious,1,hartfordhealthcare.org;ubiehealth.com;unitypoint.org,0,1,0,0,0,0,0,0,0,0,0,0
symptom,how to relieve night sweats,1,goodrx.com;my.clevelandclinic.org;sleepfoundation.org;templehealth.org;uhc.com;unitypoint.org;virtua.org;webmd.com;youtube.com,0,1,0,0,0,0,0,0,0,0,0,0
symptom,night sweats that wont go away,1,hartfordhealthcare.org;healthdirect.gov.au;my.clevelandclinic.org;osteopathic.org;sleepfoundation.org;spirehealthcare.com;summithealth.com;webmd.com;youtube.com,0,1,0,0,0,0,0,0,0,1,0,1
symptom,what causes frequent urination,1,advancedurology.com;cls.health;mayoclinic.org;my.clevelandclinic.org;poise.com;templehealth.org;unitypoint.org;urologygroup.com;webmd.com;youtube.com,0,1,0,0,0,0,0,0,0,0,0,0
symptom,why do i have frequent urination,1,advancedurology.com;cls.health;mayoclinic.org;my.clevelandclinic.org;poise.com;templehealth.org;unitypoint.org;urologygroup.com;webmd.com;youtube.com,0,1,0,0,0,0,0,0,0,0,0,0
symptom,is frequent urination serious,1,atlanticurologyclinics.com;cls.health;healthline.com;healthpartners.com;mayoclinic.org;my.clevelandclinic.org;templehealth.org;uhhospitals.org;unitypoint.org;webmd.com;youtube.com,0,1,0,0,0,0,0,0,0,0,0,0
symptom,how to relieve frequent urination,1,advancedurology.com;brownhealth.org;mayoclinic.org;michiganurology.com;my.clevelandclinic.org;spokaneurology.com;urologygroup.com;webmd.com;youtube.com,0,1,0,0,0,0,0,0,0,0,0,1
symptom,frequent urination that wont go away,1,cls.health;healthline.com;michiganurology.com;my.clevelandclinic.org;unitypoint.org;webmd.com,0,1,0,0,0,0,0,0,0,1,0,0
symptom,what causes muscle spasms in legs,1,health.harvard.edu;mayoclinic.org;medlineplus.gov;mobilityboneandjoint.com;my.clevelandclinic.org;summithealth.com;washingtonvascular.com;youtube.com,0,1,0,0,0,0,0,0,0,0,0,0
symptom,why do i have muscle spasms in legs,1,my.clevelandclinic.org;ubiehealth.com;webmd.com,0,1,0,0,0,0,0,0,0,0,0,0
symptom,is muscle spasms in legs serious,1,betterhealth.vic.gov.au;legsmatter.org;mayoclinic.org;mobilityboneandjoint.com;my.clevelandclinic.org;nhsinform.scot;summithealth.com;washingtonvascular.com;youtube.com,0,1,0,0,0,0,0,0,1,1,0,0
symptom,how to relieve muscle spasms in legs,1,health.harvard.edu;healthlinkbc.ca;healthy.kaiserpermanente.org;medlineplus.gov;my.clevelandclinic.org;osteopathic.org,0,1,0,0,0,0,0,0,0,1,0,0
symptom,muscle spasms in legs that wont go away,1,healthline.com;medicalnewstoday.com;medlineplus.gov;mobilityboneandjoint.com;my.clevelandclinic.org;physioinq.com.au;polygonpt.com;ubiehealth.com;webmd.com,0,1,0,0,0,0,0,0,0,1,0,0
symptom,what causes tingling in feet,1,aabppain.com;bergdpm.com;gtxfoot.com;summithealth.com;vascularsurgeryassociates.net,0,1,0,0,0,0,0,0,0,0,0,0
symptom,why do i have tingling in feet,1,aabppain.com;bergdpm.com;gtxfoot.com;summithealth.com;vascularsurgeryassociates.net,0,1,0,0,0,0,0,0,1,1,0,0
symptom,is tingling in feet serious,1,achillesfootandankle.com;bergdpm.com;floridapainmedicine.com;gtxfoot.com;niddk.nih.gov;summithealth.com;universalneurocare.com;vascularsurgeryassociates.net;webmd.com;youtube.com,0,1,0,0,0,0,0,0,0,0,0,0
symptom,how to relieve tingling in feet,1,gtxfoot.com;healthline.com;mdwestone.com;myfootdr.com.au;neufoot.com;thefootinstitute.com;ubiehealth.com;webmd.com,0,1,0,0,0,0,0,0,0,0,0,0
symptom,tingling in feet that wont go away,1,aabppain.com;eugenefootandankle.com;gtxfoot.com;mayoclinic.org;summithealth.com;thefootinstitute.com;vascularsurgeryassociates.net,0,1,0,0,0,0,0,0,1,1,0,0
symptom,what causes heart palpitations,1,cardiaccarepc.com;heart.org;mayoclinic.org;my.clevelandclinic.org;nhsinform.scot;ucsfhealth.org;youtube.com,0,1,0,0,0,0,0,0,0,0,0,0
symptom,why do i have heart palpitations,1,healthdirect.gov.au;heart.org;mayoclinic.org;my.clevelandclinic.org;nhsinform.scot;nyp.org;ucsfhealth.org,0,1,0,0,0,0,0,0,0,0,0,0
symptom,is heart palpitations serious,1,aurorahealthcare.org;healthonecares.com;heart.org;mayoclinic.org;my.clevelandclinic.org;nhsinform.scot;uihc.org;youtube.com,0,1,0,0,0,0,0,0,1,0,0,0
symptom,how to relieve heart palpitations,1,aurorahealthcare.org;healthyuclinics.com;mayoclinic.org;nhs.uk;nurx.com;nyp.org;templehealth.org;ucsfhealth.org,0,1,0,0,0,0,0,0,0,0,0,0
symptom,heart palpitations that wont go away,1,bhf.org.uk;cardiaccarepc.com;heart.org;my.clevelandclinic.org;tuftsmedicine.org;uihc.org;webmd.com;youtube.com,0,1,0,0,0,0,0,0,0,1,0,0
symptom,what causes bloating after meals,1,cigna.com;gastroconsa.com;my.clevelandclinic.org;nhs.uk;nygahealth.com;stvincents.org;summithealth.com;texashealth.org;uniteddigestive.com;youtube.com,0,1,0,0,0,0,0,0,0,0,0,0
symptom,why do i have bloating after meals,1,cigna.com;gastroconsa.com;my.clevelandclinic.org;nhs.uk;nygahealth.com;stvincents.org;summithealth.com;texashealth.org;uniteddigestive.com;youtube.com,0,1,0,0,0,0,0,0,0,1,0,0
symptom,is bloating after meals serious,1,coppellemergencyroom.com;digestive-health.net;expresserharkerheights.com;my.clevelandclinic.org;nhs.uk;stuartakermanmd.com;stvincents.org;summithealth.com;youtube.com,0,1,0,0,0,0,0,0,1,1,0,0
symptom,how to relieve bloating after meals,1,nec24.com;pepto-bismol.com;summithealth.com;youtube.com,0,1,0,0,0,0,0,0,1,0,0,0
symptom,bloating after meals that wont go away,1,health.harvard.edu;healthdirect.gov.au;hopkinsmedicine.org;houstonmethodist.org;mayoclinic.org;my.clevelandclinic.org;newsnetwork.mayoclinic.org;nygahealth.com;osfhealthcare.org;samitivejhospitals.com;summithealth.com;texashealth.org;uniteddigestive.com;youtube.com,0,1,0,0,0,0,0,0,0,1,0,0
symptom,what causes joint stiffness in the morning,1,coremedicalwellness.com;danielcameronmd.com;health.clevelandclinic.org;muscha.org;nhs.uk;nyboneandjoint.com,0,1,0,0,0,0,0,0,0,1,0,0
symptom,why do i have joint stiffness in the morning,1,coremedicalwellness.com;danielcameronmd.com;health.clevelandclinic.org;muscha.org;nhs.uk;nyboneandjoint.com,0,1,0,0,0,0,0,0,1,0,0,0
symptom,is joint stiffness in the morning serious,1,gardenstatepain.com;sparshhospital.com;theeducatedpatient.com;ubiehealth.com;youtube.com,0,1,0,0,0,0,0,0,0,1,0,0
symptom,how to relieve joint stiffness in the morning,1,arthritis-uk.org;brownhealth.org;cls.health;guttmacher.org;monteortho.org;theraworx.com;youtube.com,0,1,0,0,0,0,0,0,1,0,0,0
symptom,joint stiffness in the morning that wont go away,1,brownhealth.org;nhs.uk;theeducatedpatient.com;theraworx.com;youtube.com,0,1,0,0,0,0,0,0,1,1,0,0
symptom,what causes blurry vision,1,cteyedoctors.com;health.harvard.edu;lakenormaneye.com;my.clevelandclinic.org;waterbury.refocuseyedoctors.com;youtube.com,0,1,0,0,0,0,0,0,0,0,0,0
symptom,why do i have blurry vision,1,assileye.com;cteyedoctors.com;healthdirect.gov.au;lakenormaneye.com;moorfields.nhs.uk;my.clevelandclinic.org;pearlevision.com;remagin.com;spirehealthcare.com;totalvisioneyes.com;webmd.com;youtube.com,0,1,0,0,0,0,0,0,0,1,0,0
symptom,is blurry vision serious,1,assileye.com;bluebonneteyecaretx.com;cteyedoctors.com;health.harvard.edu;medparkhospital.com;my.clevelandclinic.org;todaysvisionbulverde.com;waterbury.refocuseyedoctors.com;youtube.com,0,1,0,0,0,0,0,0,0,0,0,0
symptom,how to relieve blurry vision,1,healthdirect.gov.au;healthline.com;medparkhospital.com;memorialvision.com;my.clevelandclinic.org;pearlevision.com;specsavers.co.uk;waterbury.refocuseyedoctors.com,0,1,0,0,0,0,0,0,0,0,0,0
symptom,blurry vision that wont go away,1,ashevillevisionandwellness.com;healthline.com;my.clevelandclinic.org;verywellhealth.com;waterbury.refocuseyedoctors.com,0,1,0,0,0,0,0,0,0,1,0,0
tech,how to fix wifi keeps disconnecting,1,broadbandnow.com;learn.microsoft.com;reddit.com;youtube.com,0,1,0,0,0,0,0,0,1,0,0,0
tech,wifi keeps disconnecting fix,1,computer.howstuffworks.com;geekompc.com;highspeedinternet.com;premierbroadband.com;youtube.com,0,1,0,0,0,0,0,0,1,0,0,1
tech,why is my wifi keeps disconnecting,1,broadbandnow.com;highspeedinternet.com;premierbroadband.com;youtube.com,0,1,0,0,0,0,0,0,1,0,0,1
tech,wifi keeps disconnecting after update,1,learn.microsoft.com;vividrepairs.co.uk;youtube.com,0,1,0,0,0,0,0,0,1,0,0,1
tech,wifi keeps disconnecting windows 11,1,learn.microsoft.com;reddit.com;techcommunity.microsoft.com;tweaktown.com;youtube.com,0,1,0,0,0,0,0,0,1,0,0,1
tech,how to fix laptop wont turn on,1,dell.com;hp.com;youtube.com,0,1,0,0,0,0,0,0,1,0,0,1
tech,laptop wont turn on fix,1,dell.com;hp.com;youtube.com,0,1,0,0,0,0,0,0,1,0,0,0
tech,why is my laptop wont turn on,1,dell.com;hp.com;lenovo.com;reddit.com;youtube.com,0,1,0,0,0,0,0,0,1,0,0,1
tech,laptop wont turn on after update,1,h30434.www3.hp.com;learn.microsoft.com;youtube.com,0,1,0,0,0,0,0,0,1,0,0,1
tech,laptop wont turn on windows 11,1,justanswer.com;learn.microsoft.com;youtube.com,0,1,0,0,0,0,0,0,1,0,0,0
tech,how to fix printer offline,1,learn.microsoft.com;support.hp.com;support.microsoft.com;youtube.com,0,1,0,0,0,0,0,0,1,1,0,0
tech,printer offline fix,1,learn.microsoft.com;support.hp.com;support.microsoft.com;youtube.com,0,1,0,0,0,0,0,0,1,1,0,0
tech,why is my printer offline,1,currys.co.uk;hp.com;paperpapers.com;support.hp.com;visioncomputers.com;youtube.com,0,1,0,0,0,0,0,0,1,1,0,1
tech,printer offline after update,1,h30434.www3.hp.com;onsitelasermedic.com;pollockcompany.com;support.hp.com;youtube.com,0,1,0,0,0,0,0,0,1,0,0,0
tech,printer offline windows 11,1,justanswer.com;learn.microsoft.com;support.microsoft.com;youtube.com,0,1,0,0,0,0,0,0,1,0,0,0
tech,how to fix bluetooth not pairing,1,dell.com;support.apple.com;support.google.com;youtube.com,0,1,0,0,0,0,0,0,1,0,0,1
tech,bluetooth not pairing fix,1,dell.com;support.apple.com;support.google.com;youtube.com,0,1,0,0,0,0,0,0,1,1,0,1
tech,why is my bluetooth not pairing,1,soundcore.com;support.apple.com;support.google.com;techlicious.com;youtube.com,0,1,0,0,0,0,0,0,1,1,0,0
tech,bluetooth not pairing after update,1,carlcare.com;discussions.apple.com;learn.microsoft.com;support.microsoft.com;youtube.com,0,1,0,0,0,0,0,0,1,0,0,1
tech,bluetooth not pairing windows 11,1,learn.microsoft.com;support.microsoft.com;techsupportforum.com;youtube.com,0,1,0,0,0,0,0,0,1,0,0,1
tech,how to fix phone battery draining fast,1,android.com;anker.com;bitdefender.com;ifixit.com;quora.com;reddit.com;support.apple.com;youtube.com,0,1,0,0,0,0,0,0,1,0,0,1
tech,phone battery draining fast fix,1,android.com;anker.com;bitdefender.com;ifixit.com;quora.com;reddit.com;support.apple.com;youtube.com,0,1,0,0,0,0,0,0,1,0,0,0
tech,why is my phone battery draining fast,1,allstate.com;android.com;bitdefender.com;boostmobile.com;meizu.com;reddit.com;support.apple.com;us.norton.com;youtube.com,0,1,0,0,0,0,0,0,0,1,0,1
tech,phone battery draining fast after update,1,discussions.apple.com;mtrecomit.com.au;support.apple.com;youtube.com,0,1,0,0,0,0,0,0,0,0,0,1
tech,phone battery draining fast windows 11,1,learn.microsoft.com;techcommunity.microsoft.com;windowscentral.com;youtube.com,0,1,0,0,0,0,0,0,1,0,0,0
tech,how to fix windows update stuck,1,action1.com;cleanerone.trendmicro.com;support.microsoft.com;youtube.com,0,1,0,0,0,0,0,0,1,0,0,0
tech,windows update stuck fix,1,action1.com;cleanerone.trendmicro.com;support.microsoft.com;youtube.com,0,1,0,0,0,0,0,0,1,0,0,1
tech,why is my windows update stuck,1,geeksforgeeks.org;learn.microsoft.com;support.microsoft.com;youtube.com,0,1,0,0,0,0,0,0,1,0,0,1
tech,windows update stuck after update,1,learn.microsoft.com;reddit.com;youtube.com,0,1,0,0,0,0,0,0,1,0,0,1
tech,windows update stuck windows 11,1,action1.com;learn.microsoft.com;support.microsoft.com;techrepublic.com;youtube.com,0,1,0,0,0,0,0,0,1,0,0,1
tech,how to fix blue screen error,1,hp.com;support.microsoft.com;techcommunity.microsoft.com;youtube.com,0,1,0,0,0,0,0,0,1,0,0,0
tech,blue screen error fix,1,hp.com;support.microsoft.com;techcommunity.microsoft.com;youtube.com,0,1,0,0,0,0,0,0,1,0,0,0
tech,why is my blue screen error,1,dell.com;en.wikipedia.org;hp.com;malwarebytes.com;superops.com,0,1,0,0,0,0,0,0,1,1,0,1
tech,blue screen error after update,1,learn.microsoft.com;reddit.com;support.microsoft.com;youtube.com,0,1,0,0,0,0,0,0,1,0,0,1
tech,blue screen error windows 11,1,dell.com;learn.microsoft.com;quora.com;support.microsoft.com;techcommunity.microsoft.com;youtube.com,0,1,0,0,0,0,0,0,1,0,0,1
tech,how to fix usb device not recognized,1,acemagic.com;hp.com;pixenate.com;reddit.com;youtube.com,0,1,0,0,0,0,0,0,1,0,0,1
tech,usb device not recognized fix,1,acemagic.com;hp.com;pixenate.com;reddit.com;youtube.com,0,1,0,0,0,0,0,0,1,0,0,1
tech,why is my usb device not recognized,1,acemagic.com;hp.com;reddit.com;salvagedata.com;youtube.com,0,1,0,0,0,0,0,0,1,1,0,0
tech,usb device not recognized after update,1,dell.com;hp.com;learn.microsoft.com;reddit.com;support.microsoft.com;youtube.com,0,1,0,0,0,0,0,0,1,0,0,0
tech,usb device not recognized windows 11,1,cleverfiles.com;ditchnet.org;learn.microsoft.com;reddit.com;support.microsoft.com;youtube.com,0,1,0,0,0,0,0,0,1,0,0,0
tech,how to fix slow internet on one computer,1,highspeedinternet.com;learn.microsoft.com;mtasolutions.com;visioncomputers.com;youtube.com,0,1,0,0,0,0,0,0,1,0,0,1
tech,slow internet on one computer fix,1,google.com;learn.microsoft.com;mtasolutions.com;visioncomputers.com;youtube.com,0,1,0,0,0,0,0,0,1,0,0,0
tech,why is my slow internet on one computer,1,mtasolutions.com;reddit.com;youtube.com,0,1,0,0,0,0,0,0,1,0,0,1
tech,slow internet on one computer after update,1,facebook.com;learn.microsoft.com;youtube.com,0,1,0,0,0,0,0,0,1,0,0,0
tech,slow internet on one computer windows 11,1,drivereasy.com;learn.microsoft.com;youtube.com,0,1,0,0,0,0,0,0,1,0,0,0
tech,how to fix external monitor not detected,1,davescomputers.com;learn.microsoft.com;visioncomputers.com,0,1,0,0,0,0,0,0,1,0,0,0
tech,external monitor not detected fix,1,google.com;learn.microsoft.com;visioncomputers.com;youtube.com,0,1,0,0,0,0,0,0,1,0,0,0
tech,why is my external monitor not detected,1,invzi.com;learn.microsoft.com;support.microsoft.com;visioncomputers.com,0,1,0,0,0,0,0,0,1,0,0,0
tech,external monitor not detected after update,1,drivereasy.com;learn.microsoft.com;support.microsoft.com;visioncomputers.com;vividrepairs.co.uk;youtube.com,0,1,0,0,0,0,0,0,1,0,0,0
tech,external monitor not detected windows 11,1,fortect.com;learn.microsoft.com;support.microsoft.com;visioncomputers.com;youtube.com,0,1,0,0,0,0,0,0,1,0,0,0
tech,how to fix audio crackling,1,help.ableton.com;learn.microsoft.com;projethomestudio.fr;support.microsoft.com;youtube.com,0,1,0,0,0,0,0,0,1,1,0,1
tech,audio crackling fix,1,help.ableton.com;learn.microsoft.com;projethomestudio.fr;support.microsoft.com;youtube.com,0,1,0,0,0,0,0,0,1,0,0,0
tech,why is my audio crackling,1,elac.com;soundcore.com;store.hollyland.com;support.microsoft.com;youtube.com,0,1,0,0,0,0,0,0,1,0,0,1
tech,audio crackling after update,1,reddit.com;store.hollyland.com;support.microsoft.com;youtube.com,0,1,0,0,0,0,0,0,1,0,0,0
tech,audio crackling windows 11,1,drivereasy.com;learn.microsoft.com;support.microsoft.com;youtube.com,0,1,0,0,0,0,0,0,1,0,0,0
tech,how to fix webcam not working,1,learn.microsoft.com;support.hp.com;youtube.com,0,1,0,0,0,0,0,0,1,0,0,1
tech,webcam not working fix,1,learn.microsoft.com;support.hp.com;youtube.com,0,1,0,0,0,0,0,0,1,0,0,0
tech,why is my webcam not working,1,dell.com;learn.microsoft.com,0,1,0,0,0,0,0,0,1,0,0,0
tech,webcam not working after update,1,learn.microsoft.com;obsbot.com;support.microsoft.com;youtube.com,0,1,0,0,0,0,0,0,1,0,0,1
tech,webcam not working windows 11,1,learn.microsoft.com;pcsupport.lenovo.com;support.hp.com;support.microsoft.com;youtube.com,0,1,0,0,0,0,0,0,1,0,0,0
tech,how to fix hard drive not showing up,1,askleo.com;cleverfiles.com;pcmag.com;salvagedata.com;visioncomputers.com;youtube.com,0,1,0,0,0,0,0,0,1,0,0,1
tech,hard drive not showing up fix,1,askleo.com;cleverfiles.com;pcmag.com;salvagedata.com;visioncomputers.com;youtube.com,0,1,0,0,0,0,0,0,1,0,0,1
tech,why is my hard drive not showing up,1,askleo.com;gillware.com;learn.microsoft.com;me.pcmag.com;quora.com;reddit.com;visioncomputers.com;youtube.com,0,1,0,0,0,0,0,0,1,0,0,1
tech,hard drive not showing up after update,1,gillware.com;iobit.com;techcommunity.microsoft.com;youtube.com,0,1,0,0,0,0,0,0,1,0,0,0
tech,hard drive not showing up windows 11,1,cleverfiles.com;learn.microsoft.com;reddit.com;techcommunity.microsoft.com;windowscentral.com;youtube.com,0,1,0,0,0,0,0,0,1,0,0,0
tech,how to fix keyboard typing wrong characters,1,justanswer.com;learn.microsoft.com;support.hp.com;wikihow.com;youtube.com,0,1,0,0,0,0,0,0,1,0,0,0
tech,keyboard typing wrong characters fix,1,justanswer.com;learn.microsoft.com;support.hp.com;wikihow.com;youtube.com,0,1,0,0,0,0,0,0,1,0,0,0
tech,why is my keyboard typing wrong characters,1,drivereasy.com;hoxtonmacs.co.uk;justanswer.com;quora.com;stockmustgo.co.uk;support.hp.com;wikihow.com;youtube.com,0,1,0,0,0,0,0,0,1,0,0,0
tech,keyboard typing wrong characters after update,1,geeksforgeeks.org;justanswer.com;learn.microsoft.com;techiestore.in;youtube.com,0,1,0,0,0,0,0,0,1,0,0,0
tech,keyboard typing wrong characters windows 11,1,facebook.com;stockmustgo.co.uk;support.hp.com;youtube.com,0,1,0,0,0,0,0,0,1,0,0,0
tech,how to fix screen flickering,1,intel.com;samsung.com;support.microsoft.com;teamviewer.com;youtube.com,0,1,0,0,0,0,0,0,1,1,0,1
tech,screen flickering fix,1,intel.com;samsung.com;support.microsoft.com;teamviewer.com;youtube.com,0,1,0,0,0,0,0,0,1,1,0,1
tech,why is my screen flickering,1,hp.com;lenovo.com;reddit.com;support.microsoft.com;teamviewer.com;youtube.com,0,1,0,0,0,0,0,0,1,1,0,1
tech,screen flickering after update,1,drivereasy.com;hp.com;learn.microsoft.com;support.microsoft.com;youtube.com,0,1,0,0,0,0,0,0,1,0,0,1
tech,screen flickering windows 11,1,drivereasy.com;learn.microsoft.com;visioncomputers.com;youtube.com,0,1,0,0,0,0,0,0,1,0,0,1
tech,how to fix pc overheating,1,dell.com;gamemaxpc.com;instructables.com;learn.microsoft.com;rednightconsulting.com;youtube.com,0,1,0,0,0,0,0,0,1,0,0,1
tech,pc overheating fix,1,dell.com;gamemaxpc.com;instructables.com;learn.microsoft.com;rednightconsulting.com;youtube.com,0,1,0,0,0,0,0,0,1,0,0,1
tech,why is my pc overheating,1,avast.com;dell.com;ibuypower.com;reddit.com;youtube.com,0,1,0,0,0,0,0,0,1,0,0,1
tech,pc overheating after update,1,facebook.com;forum-en.msi.com;learn.microsoft.com;reddit.com;youtube.com,0,1,0,0,0,0,0,0,1,0,0,0
tech,pc overheating windows 11,1,asus.com;kingston.com;learn.microsoft.com;techcommunity.microsoft.com;youtube.com,0,1,0,0,0,0,0,0,1,0,0,0
tech,how to fix router red light,1,broadbandsearch.net;justanswer.com;wikihow.com;woncom.net;youtube.com,0,1,0,0,0,0,0,0,1,0,0,0
tech,router red light fix,1,broadbandsearch.net;justanswer.com;wikihow.com;woncom.net;youtube.com,0,1,0,0,0,0,0,0,1,0,0,1
tech,why is my router red light,1,broadbandsearch.net;hackernoon.com;justanswer.com;olin.es;woncom.net;youtube.com,0,1,0,0,0,0,0,0,0,0,0,0
tech,router red light after update,1,broadbandsearch.net;justanswer.com;olin.es;reddit.com;visioncomputers.com;wikihow.com;youtube.com,0,1,0,0,0,0,0,0,1,0,0,0
tech,router red light windows 11,1,broadbandsearch.net;hackernoon.com;learn.microsoft.com;olin.es;quora.com;reddit.com;support.microsoft.com;techspace.co.th;woncom.net;xda-developers.com;youtube.com,0,1,0,0,0,0,0,0,1,0,0,0
tech,how to fix email not syncing,1,getinboxzero.com;rebel.com;support.google.com;youtube.com,0,1,0,0,0,0,0,0,1,0,0,0
tech,email not syncing fix,1,deeploi.io;edbmails.com;getinboxzero.com;rebel.com;support.google.com;youtube.com,0,1,0,0,0,0,0,0,1,1,0,0
tech,why is my email not syncing,1,getinboxzero.com;learn.microsoft.com;rebel.com;youtube.com,0,1,0,0,0,0,0,0,1,0,0,0
tech,email not syncing after update,1,learn.microsoft.com;rebel.com,0,1,0,0,0,0,0,0,1,0,0,0
tech,email not syncing windows 11,1,learn.microsoft.com;nucleustechnologies.com;support.microsoft.com;techcommunity.microsoft.com;youtube.com,0,1,0,0,0,0,0,0,1,0,0,0
tech,how to fix apps crashing on android,1,itechpost.com;reddit.com;samsung.com;youtube.com,0,1,0,0,0,0,0,0,1,1,0,0
tech,apps crashing on android fix,1,reddit.com;samsung.com;youtube.com,0,1,0,0,0,0,0,0,1,1,0,1
tech,why is my apps crashing on android,1,avg.com;quora.com;support.google.com;us.norton.com;youtube.com,0,1,0,0,0,0,0,0,1,1,0,1
tech,apps crashing on android after update,1,reddit.com;support.google.com;us.norton.com;youtube.com,0,1,0,0,0,0,0,0,1,0,0,1
tech,apps crashing on android windows 11,1,dell.com;support.microsoft.com,0,1,0,0,0,0,0,0,1,0,0,0
tech,how to fix touchpad not responding,1,quora.com;reddit.com;support.hp.com;youtube.com,0,1,0,0,0,0,0,0,1,0,0,1
tech,touchpad not responding fix,1,quora.com;reddit.com;support.hp.com;youtube.com,0,1,0,0,0,0,0,0,1,1,0,0
tech,why is my touchpad not responding,0,,0,1,0,0,0,0,0,0,1,0,0,1
tech,touchpad not responding after update,1,h30434.www3.hp.com;learn.microsoft.com;quora.com;reddit.com;support.microsoft.com;youtube.com,0,1,0,0,0,0,0,0,1,0,0,0
tech,touchpad not responding windows 11,1,h30434.www3.hp.com;learn.microsoft.com;reddit.com;youtube.com,0,1,0,0,0,0,0,0,1,0,0,0
howto,how to tie a tie,0,,0,1,0,0,0,0,0,0,1,0,0,1
howto,best way to tie a tie,1,youtube.com,0,1,0,0,0,0,0,0,1,0,0,0
howto,how to tie a tie step by step,0,,0,1,0,0,0,0,0,0,0,0,0,1
howto,how to tie a tie for beginners,1,paulfredrick.com;ties.com;youtube.com,0,1,0,0,0,0,0,0,0,0,0,1
howto,easiest way to tie a tie,1,otaa.com;reddit.com;ties.com;youtube.com,0,1,0,0,0,0,0,0,0,0,0,1
howto,how to write a resume,1,adobe.com;careercenter.georgetown.edu;careercenter.illinois.edu;careerservices.fas.harvard.edu;dgs.ca.gov;glassdoor.com;indeed.com;linkedin.com;reddit.com;youtube.com;zety.com,0,1,0,0,0,0,0,0,0,0,0,0
howto,best way to write a resume,1,careercenter.georgetown.edu;careerservices.fas.harvard.edu;glassdoor.com;indeed.com;jobbank.gc.ca;linkedin.com;reddit.com;youtube.com;zety.com,0,1,0,0,0,0,0,0,0,1,0,0
howto,how to write a resume step by step,1,adobe.com;careercenter.georgetown.edu;careerservices.fas.harvard.edu;cas360.qu.edu;in.indeed.com;indeed.com;youtube.com;zety.com,0,1,0,0,0,0,0,0,1,0,0,0
howto,how to write a resume for beginners,1,career.arizona.edu;careercenter.illinois.edu;careers.amherst.edu;careerservices.fas.harvard.edu;careervillage.org;coursera.org;indeed.com;reddit.com;youtube.com,0,1,0,0,0,0,0,0,1,1,0,1
howto,easiest way to write a resume,1,canva.com;careerservices.fas.harvard.edu;indeed.com;reddit.com;resume-now.com;resume.com;resumegenius.com;youtube.com,0,1,0,0,0,0,0,0,1,1,0,0
howto,how to boil eggs,1,allrecipes.com;incredibleegg.org;recipetineats.com;reddit.com;youtube.com,0,1,0,0,1,0,0,0,1,0,0,0
howto,best way to boil eggs,1,recipetineats.com;seriouseats.com;thekitchn.com;youtube.com,0,1,0,0,0,0,0,0,1,0,0,0
howto,how to boil eggs step by step,1,facebook.com;loveandlemons.com;recipetineats.com;reddit.com;youtube.com,0,1,0,0,0,0,0,0,1,0,0,1
howto,how to boil eggs for beginners,1,allrecipes.com;facebook.com;recipetineats.com;reddit.com;youtube.com,0,1,0,0,0,0,0,0,1,0,0,0
howto,easiest way to boil eggs,1,craftycookingmama.com;recipetineats.com;thekitchn.com;youtube.com,0,1,0,0,0,0,0,0,1,0,0,0
howto,how to remove a stripped screw,1,youtube.com,0,1,0,0,0,0,0,0,1,0,0,1
howto,best way to remove a stripped screw,1,facebook.com;homedepot.com;ifixit.com;reddit.com;youtube.com,0,1,0,0,0,0,0,0,1,0,0,1
howto,how to remove a stripped screw step by step,1,homedepot.com;youtube.com,0,1,0,0,0,0,0,0,1,0,0,1
howto,how to remove a stripped screw for beginners,1,homedepot.com;youtube.com,0,1,0,0,0,0,0,0,1,1,0,1
howto,easiest way to remove a stripped screw,1,accu-components.com;apartmenttherapy.com;homedepot.com;lowes.com;youtube.com,0,1,0,0,0,0,0,0,1,0,0,1
howto,how to jump start a car,1,kbb.com;toyotaoflouisville.com;turnerchevrolet.com;youtube.com,0,1,0,0,0,0,0,0,1,0,0,0
howto,best way to jump start a car,1,allstate.com;jacosuperiorproducts.com;reddit.com;turnerchevrolet.com;youtube.com,0,1,0,0,0,0,0,0,1,0,0,1
howto,how to jump start a car step by step,1,kbb.com;reddit.com;springfieldchryslerautomart.com;turnerchevrolet.com;youtube.com,0,1,0,0,0,0,0,0,1,0,0,1
howto,how to jump start a car for beginners,1,consumerreports.org;dummies.com;homedepot.com;kbb.com;toyotaoflouisville.com;turnerchevrolet.com;youtube.com,0,1,0,0,0,0,0,0,1,0,0,0
howto,easiest way to jump start a car,1,reddit.com;toyotaoflouisville.com;turnerchevrolet.com;youtube.com,0,1,0,0,0,0,0,0,1,0,0,0
howto,how to fold a fitted sheet,1,nytimes.com;reddit.com;youtube.com,0,0,0,0,0,0,0,0,0,0,0,1
howto,best way to fold a fitted sheet,1,hgtv.com;youtube.com,0,1,0,0,0,0,0,0,0,0,0,0
howto,how to fold a fitted sheet step by step,1,2ulaundry.com;matouk.com;wikihow.com;youtube.com,0,1,0,0,0,0,0,0,0,0,0,0
howto,how to fold a fitted sheet for beginners,1,hgtv.com;matouk.com;reddit.com;youtube.com,0,1,0,0,0,0,0,0,0,0,0,1
howto,easiest way to fold a fitted sheet,1,hgtv.com;matouk.com;reddit.com;youtube.com,0,1,0,0,0,0,0,0,0,0,0,1
howto,how to unclog a drain,1,atcoenergy.com;drano.com;facebook.com;homedepot.com;lowes.com;rotorooter.com;youtube.com,0,1,0,0,0,0,0,0,1,0,0,1
howto,best way to unclog a drain,1,atcoenergy.com;homedepot.com;liquidplumr.com;nytimes.com;youtube.com,0,1,0,0,0,0,0,0,1,0,0,1
howto,how to unclog a drain step by step,1,atcoenergy.com;homedepot.com;lowes.com;seider.com;thespruce.com;youtube.com,0,1,0,0,0,0,0,0,1,0,0,0
howto,how to unclog a drain for beginners,1,atcoenergy.com;bungalow.com;lowes.com;rotorooter.com;youtube.com,0,1,0,0,0,0,0,0,1,0,0,1
howto,easiest way to unclog a drain,1,andreadekker.com;youtube.com,0,1,0,0,0,0,0,0,1,0,0,1
howto,how to sharpen a knife,1,americastestkitchen.com;bbcgoodfood.com;diy.stackexchange.com;reddit.com;youtube.com,0,1,0,0,0,0,0,0,1,0,0,0
howto,best way to sharpen a knife,1,buckknives.com;montanaknifecompany.com;youtube.com,0,1,0,0,0,0,0,0,1,0,0,0
howto,how to sharpen a knife step by step,1,montanaknifecompany.com;sharpeningsupplies.com;youtube.com,0,1,0,0,0,0,0,0,1,0,0,0
howto,how to sharpen a knife for beginners,0,,0,1,0,0,0,0,0,0,1,0,0,0
howto,easiest way to sharpen a knife,1,americastestkitchen.com;togknives.com;youtube.com,0,1,0,0,0,0,0,0,1,1,0,0
howto,how to iron a shirt,1,braunhousehold.com;downy.com;m.youtube.com;us.mossbros.com;youtube.com,0,1,0,0,0,0,0,0,0,0,0,0
howto,best way to iron a shirt,1,downy.com;facebook.com;ihateironing.com;thespruce.com;youtube.com,0,1,0,0,0,0,0,0,1,0,0,1
howto,how to iron a shirt step by step,1,downy.com;facebook.com;ihateironing.com;thespruce.com;youtube.com,0,1,0,0,0,0,0,0,0,0,0,0
howto,how to iron a shirt for beginners,1,downy.com;ihateironing.com;savilerowco.com;thespruce.com;youtube.com,0,1,0,0,0,0,0,0,0,0,0,1
howto,easiest way to iron a shirt,1,downy.com;ihateironing.com;youtube.com,0,1,0,0,0,0,0,0,0,1,0,1
howto,how to polish shoes,1,charlestyrwhitt.com;oliversweeney.com;youtube.com,0,1,0,0,0,0,0,0,1,0,0,1
howto,best way to polish shoes,1,charlestyrwhitt.com;kirbyallison.com;youtube.com;zappos.com,0,1,0,0,0,0,0,0,1,0,0,1
howto,how to polish shoes step by step,1,charlestyrwhitt.com;oliversweeney.com;youtube.com,0,1,0,0,0,0,0,0,1,0,0,0
howto,how to polish shoes for beginners,1,blog.loake.com;charlestyrwhitt.com;wikihow.com;youtube.com,0,1,0,0,0,0,0,0,1,0,0,0
howto,easiest way to polish shoes,1,classiccleaners.com;reddit.com;youtube.com,0,1,0,0,0,0,0,0,1,1,0,0
howto,how to descale a kettle,1,kitchenaid.com;reddit.com;tea-trolley.com,0,1,0,0,0,0,0,0,0,0,0,0
howto,best way to descale a kettle,1,bbcgoodfood.com;bonappetit.com;instructables.com;reddit.com;youtube.com,0,1,0,0,0,0,0,0,1,0,0,1
howto,how to descale a kettle step by step,1,fellowproducts.com;kitchenaid.com;tea-trolley.com;youtube.com,0,1,0,0,0,0,0,0,1,0,0,1
howto,how to descale a kettle for beginners,1,bonappetit.com;tea-trolley.com;youtube.com,0,1,0,0,0,0,0,0,1,1,0,1
howto,easiest way to descale a kettle,1,bbcgoodfood.com;carawayhome.com;instructables.com;kitchenaid.com.au;morphyrichards.co.uk;reddit.com;youtube.com,0,1,0,0,0,0,0,0,1,0,0,1
howto,how to clean white sneakers,1,hockerty.com;youtube.com,0,1,0,0,0,0,0,0,1,0,0,0
howto,best way to clean white sneakers,1,clorox.com;facebook.com;hockerty.com;nytimes.com;youtube.com,0,1,0,0,0,0,0,0,1,0,0,0
howto,how to clean white sneakers step by step,1,atoms.com;cnet.com;cntraveler.com;hockerty.com;nytimes.com;youtube.com,0,1,0,0,0,0,0,0,1,0,0,1
howto,how to clean white sneakers for beginners,1,bootbuddy.com;cnet.com;home.howstuffworks.com;nytimes.com;youtube.com,0,1,0,0,0,0,0,0,1,0,0,1
howto,easiest way to clean white sneakers,1,atoms.com;hockerty.com;youtube.com,0,1,0,0,0,0,0,0,1,0,0,0
howto,how to wrap a gift,0,,0,1,0,0,0,0,0,0,1,0,0,0
howto,best way to wrap a gift,1,camillestyles.com;vistaprint.com;wikihow.com;youtube.com,0,1,0,0,0,0,0,0,1,0,0,0
howto,how to wrap a gift step by step,0,,0,1,0,0,0,0,0,0,1,0,0,1
howto,how to wrap a gift for beginners,1,,0,1,0,0,0,0,0,0,0,0,0,1
howto,easiest way to wrap a gift,1,littleelfproducts.com;vistaprint.com;youtube.com,0,1,0,0,0,0,0,0,1,0,0,1
howto,how to sew a button,1,youtube.com,0,0,0,0,0,0,0,0,1,0,0,1
howto,best way to sew a button,1,artofmanliness.com;crafts.stackexchange.com;instructables.com;reddit.com;youtube.com,0,1,0,0,0,0,0,0,1,0,0,1
howto,how to sew a button step by step,1,artofmanliness.com;mountainkhakis.com;youtube.com,0,1,0,0,0,0,0,0,1,0,0,1
howto,how to sew a button for beginners,0,,0,1,0,0,0,0,0,0,1,0,0,1
howto,easiest way to sew a button,1,artofmanliness.com;instructables.com;lizhaywood.com.au;reddit.com;youtube.com,0,1,0,0,0,0,0,0,1,0,0,1
howto,how to parallel park,1,centralmasafety.com;dmv.ca.gov;facebook.com;geico.com;instagram.com;tiktok.com;youtube.com,0,1,0,0,0,0,0,0,1,0,0,0
howto,best way to parallel park,1,centralmasafety.com;mwg.aaa.com;reddit.com;safewaydriving.com;youtube.com,0,1,0,0,0,0,0,0,1,1,0,0
howto,how to parallel park step by step,1,dmv.ca.gov;facebook.com;geico.com;instagram.com;reddit.com;youtube.com,0,1,0,0,0,0,0,0,1,0,0,0
howto,how to parallel park for beginners,1,centralmasafety.com;medium.com;youtube.com,0,1,0,0,0,0,0,0,1,0,0,0
howto,easiest way to parallel park,1,facebook.com;geico.com;mercuryinsurance.com;youtube.com,0,1,0,0,0,0,0,0,1,1,0,1
howto,how to make cold brew,1,athome.starbucks.com;coffeegeek.com;yeti.com;youtube.com,0,1,0,0,0,0,0,0,1,0,0,0
howto,best way to make cold brew,1,cooking.nytimes.com;homebrewersassociation.org;reddit.com;youtube.com,0,1,0,0,0,0,0,0,1,0,0,0
howto,how to make cold brew step by step,1,facebook.com;homebrewersassociation.org;seriouseats.com;youtube.com,0,1,0,0,0,0,0,0,1,0,0,0
howto,how to make cold brew for beginners,1,forkinthekitchen.com;homebrewersassociation.org;melindastrauss.com;reddit.com;sevenmiles.com.au;youtube.com,0,1,0,0,0,0,0,0,1,0,0,0
howto,easiest way to make cold brew,1,cooking.nytimes.com;homebrewersassociation.org;simplyrecipes.com;youtube.com,0,1,0,0,1,0,0,0,1,0,0,0
howto,how to whistle loudly,1,artofmanliness.com;instructables.com;youtube.com,0,1,0,0,0,0,0,0,1,0,0,1
howto,best way to whistle loudly,1,artofmanliness.com;dailymotion.com;instagram.com;instructables.com;youtube.com,0,1,0,0,0,0,0,0,0,1,0,1
howto,how to whistle loudly step by step,1,artofmanliness.com;instructables.com;kevinandamanda.com;quora.com;reddit.com;youtube.com,0,1,0,0,0,0,0,0,0,1,0,0
howto,how to whistle loudly for beginners,1,artofmanliness.com;instructables.com;youtube.com,0,1,0,0,0,0,0,0,1,1,0,0
howto,easiest way to whistle loudly,1,artofmanliness.com;instructables.com;youtube.com,0,1,0,0,0,0,0,0,0,1,0,0
howto,how to shuffle cards,1,madison.cards;youtube.com,0,1,0,0,0,0,0,0,1,0,0,0
howto,best way to shuffle cards,1,instructables.com;youtube.com,0,1,0,0,0,0,0,0,1,1,0,0
howto,how to shuffle cards step by step,1,instructables.com;youtube.com,0,1,0,0,0,0,0,0,1,0,0,0
howto,how to shuffle cards for beginners,0,,0,1,0,0,0,0,0,0,0,0,0,0
howto,easiest way to shuffle cards,1,en.wikipedia.org;reddit.com;wikihow.com;youtube.com,0,1,0,0,0,0,0,0,1,0,0,1
howto,how to read faster,1,300hours.com;booksrun.com;medium.com;medschoolinsiders.com;orcam.com;youtube.com,0,1,0,0,0,0,0,0,0,1,0,1
howto,best way to read faster,1,medium.com;orcam.com;preplounge.com;youtube.com,0,1,0,0,0,0,0,0,1,1,0,0
howto,how to read faster step by step,1,indeed.com;medium.com;medschoolinsiders.com;reddit.com;youtube.com,0,1,0,0,0,0,0,0,1,1,0,0
howto,how to read faster for beginners,1,300hours.com;reddit.com;speedreadinglounge.com;youtube.com,0,1,0,0,0,0,0,0,1,1,0,0
howto,easiest way to read faster,1,bookriot.com;magneticmemorymethod.com;medium.com;medschoolinsiders.com;writegroup.io;youtube.com,0,1,0,0,0,0,0,0,1,1,0,1
howto,how to meditate,1,calm.com;mayoclinic.org;mindful.org;youtube.com,0,1,0,0,0,0,0,0,1,0,0,0
howto,best way to meditate,1,geisinger.org;headspace.com;mindful.org;nhs.uk;reddit.com;youtube.com,0,1,0,0,0,0,0,0,1,1,0,0
howto,how to meditate step by step,1,gaiam.com;headspace.com;mindful.org;nhs.uk;youtube.com,0,1,0,0,0,0,0,0,1,0,0,0
howto,how to meditate for beginners,1,calm.com;centerforyogala.com;headspace.com;mindful.org;quora.com;reddit.com;youtube.com;zenhabits.net,0,1,0,0,0,0,0,0,1,0,0,0
howto,easiest way to meditate,1,geisinger.org;mindful.org;nhs.uk;quora.com;reddit.com;youtube.com,0,1,0,0,0,0,0,0,1,0,0,1
diy,how to build a bookshelf,1,homedepot.com;lowes.com;youtube.com,0,1,0,0,0,0,0,0,1,0,0,0
diy,build a bookshelf yourself,1,homedepot.com;lowes.com;youtube.com,0,1,0,0,0,0,0,1,1,0,0,1
diy,build a bookshelf diy,0,,0,1,0,0,0,0,0,0,1,0,0,0
diy,build a bookshelf cost diy,1,homedepot.com;instagram.com;southernyankeediy.com;spryinterior.com;youtube.com,0,1,0,0,0,0,0,0,1,0,0,0
diy,build a bookshelf without professional,1,facebook.com;homedepot.com;instructables.com;quora.com;youtube.com,0,1,0,0,0,0,0,1,1,1,0,0
diy,how to paint kitchen cabinets,1,benjaminmoore.com;chrislovesjulia.com;lowes.com;sherwin-williams.com;youtube.com,0,1,0,0,0,0,0,0,1,0,0,1
diy,paint kitchen cabinets yourself,1,benjaminmoore.com;reddit.com;youtube.com,0,1,0,0,0,0,0,1,1,1,0,0
diy,paint kitchen cabinets diy,1,benjaminmoore.com;reddit.com;youtube.com,0,1,0,0,0,0,0,1,1,0,0,1
diy,paint kitchen cabinets cost diy,1,familyinteriors.com;thekitchn.com,0,1,0,0,0,0,0,1,1,1,0,0
diy,paint kitchen cabinets without professional,1,benjaminmoore.com;designertrapped.com;hartleyhomedesign.com;kitchensearch.com;youtube.com,0,1,0,0,0,0,0,1,1,1,0,1
diy,how to install a ceiling fan,0,,0,1,0,0,0,0,0,0,1,0,0,1
diy,install a ceiling fan yourself,1,homedepot.com;quora.com;reddit.com;youtube.com,0,1,0,0,0,0,0,0,1,0,0,1
diy,install a ceiling fan diy,0,,0,1,0,1,0,0,0,0,1,0,0,1
diy,install a ceiling fan cost diy,1,homedepot.com;thumbtack.com;tripleotoday.com,0,1,0,0,0,0,0,0,1,0,0,0
diy,install a ceiling fan without professional,1,homedepot.com;lowes.com;meekselectrical.com;parrotuncle.com;quora.com;reddit.com;youtube.com,0,1,0,0,0,0,0,0,1,0,0,0
diy,how to tile a bathroom floor,0,,0,1,0,0,0,0,0,0,1,0,0,1
diy,tile a bathroom floor yourself,1,homedepot.com;lowes.com;reddit.com;rubi.com;youtube.com,0,1,0,0,0,0,0,0,0,0,0,0
diy,tile a bathroom floor diy,1,diytyler.com;homedepot.com;instructables.com;lowes.com;maisondepax.com;youtube.com,0,1,0,0,0,0,0,1,1,0,0,1
diy,tile a bathroom floor cost diy,1,angi.com;bogleheads.org;homedepot.com;thumbtack.com;youtube.com,0,1,0,0,0,0,0,0,1,0,0,0
diy,tile a bathroom floor without professional,1,homedepot.com;mensjournal.com;ntpavers.com;reddit.com;rubi.com;youtube.com,0,1,0,0,0,0,0,0,1,1,0,0
diy,how to build a raised garden bed,1,apartmenttherapy.com;lowes.com;youtube.com,0,1,0,0,0,0,0,0,1,0,0,0
diy,build a raised garden bed yourself,1,gardenary.com;lowes.com,0,1,0,0,0,0,0,0,1,0,0,0
diy,build a raised garden bed diy,1,gardensthatmatter.com;homedepot.com;justinesnacks.com;lowes.com;rhs.org.uk;youtube.com,0,1,0,0,0,0,0,0,1,0,0,0
diy,build a raised garden bed cost diy,1,homesteadandchill.com;whiteandwoodgrain.com;youtube.com,0,1,0,0,0,0,0,0,1,0,0,0
diy,build a raised garden bed without professional,1,apartmenttherapy.com;bonnieplants.com;homesteadandchill.com;lowes.com;youtube.com,0,1,0,0,0,0,0,1,1,1,0,0
diy,how to hang drywall,0,,0,1,0,0,0,0,0,0,0,0,0,0
diy,hang drywall yourself,1,homedepot.com;younghouselove.com;youtube.com,0,1,0,1,0,0,0,0,1,1,0,0
diy,hang drywall diy,1,lowes.com;younghouselove.com;youtube.com,0,1,0,0,0,0,0,0,0,0,0,0
diy,hang drywall cost diy,1,angi.com;facebook.com,0,1,0,0,0,0,0,0,1,0,0,0
diy,hang drywall without professional,1,lowes.com;reddit.com;younghouselove.com;youtube.com,0,1,0,0,0,0,0,0,1,0,0,0
diy,how to replace a faucet,0,,0,1,0,0,0,0,0,0,1,0,0,1
diy,replace a faucet yourself,1,ahs.com;homedepot.com;kenyonnoble.com;lowes.com;youtube.com,0,1,0,0,0,0,0,0,1,1,0,1
diy,replace a faucet diy,1,ahs.com;cnet.com;homedepot.com;kenyonnoble.com;lowes.com;moen.com;youtube.com,0,1,0,0,0,0,0,0,1,0,0,1
diy,replace a faucet cost diy,1,angi.com;homeadvisor.com;quora.com;reddit.com;youtube.com,0,1,0,0,0,0,0,0,1,0,0,0
diy,replace a faucet without professional,1,deltaplumbersinc.com;homedepot.com;lowes.com;moen.com;reddit.com;youtube.com,0,1,0,0,0,0,0,0,1,0,0,0
diy,how to install laminate flooring,0,,0,1,0,0,0,0,0,0,0,0,0,1
diy,install laminate flooring yourself,1,flooringinc.com;homedepot.com;reddit.com;youtube.com,0,1,0,1,0,0,0,0,0,0,0,1
diy,install laminate flooring diy,1,flooringinc.com;homedepot.com;reddit.com;youtube.com,0,1,0,0,0,0,0,0,1,0,0,1
diy,install laminate flooring cost diy,1,homedepot.com;nerdwallet.com;rightstepflooringnc.com;tiktok.com;youtube.com,0,1,0,0,0,0,0,0,1,1,0,0
diy,install laminate flooring without professional,1,homedepot.com;lowes.com;reddit.com;swisskrono.com;youtube.com,0,1,0,0,0,0,0,0,0,1,0,1
diy,how to build a deck,0,,0,1,0,0,0,0,0,0,1,0,0,1
diy,build a deck yourself,1,facebook.com;homedepot.com;reddit.com;youtube.com,0,1,0,0,0,0,0,0,1,0,0,1
diy,build a deck diy,1,ashleybrooke.com;decks.com;lowes.com;youtube.com,0,1,0,0,0,0,0,0,1,0,0,0
diy,build a deck cost diy,1,decks.com;nerdwallet.com;reddit.com;trex.com;utahdecksupply.com;youtube.com,0,1,0,0,0,0,0,0,1,0,0,1
diy,build a deck without professional,1,homedepot.com;instructables.com;lowes.com;quora.com;youtube.com,0,1,0,0,0,0,0,0,1,1,0,0
diy,how to soundproof a room,1,stylebyemilyhenderson.com;youtube.com,0,1,0,0,0,0,0,0,1,1,0,0
diy,soundproof a room yourself,1,homedepot.com;reddit.com;stylebyemilyhenderson.com;wikihow.com;youtube.com,0,1,0,0,0,0,0,0,1,1,0,1
diy,soundproof a room diy,1,youtube.com,0,1,0,0,0,0,0,0,1,1,0,0
diy,soundproof a room cost diy,1,anawaltlumber.com;angi.com;youtube.com,0,1,0,0,0,0,0,0,1,0,0,0
diy,soundproof a room without professional,1,homedepot.com;quora.com;soundproofcow.com;studiobricks.com;youtube.com,0,1,0,0,0,0,0,0,1,1,0,1
diy,how to install a dimmer switch,0,,0,1,0,0,0,0,0,0,0,0,0,0
diy,install a dimmer switch yourself,1,homedepot.com;lowes.com;youtube.com,0,1,0,0,0,0,0,0,0,0,0,0
diy,install a dimmer switch diy,1,exactelectric.com;hgtv.com;homedepot.com;lowes.com;youtube.com,0,1,0,0,0,0,0,0,0,0,0,1
diy,install a dimmer switch cost diy,1,countbricks.com;localperthelectrician.com.au;lowes.com;repenic.com;youtube.com,0,1,0,0,0,0,0,0,1,0,0,0
diy,install a dimmer switch without professional,1,gelighting.com;homedepot.com;legrand.us;lowes.com;thespruce.com;youtube.com,0,1,0,0,0,0,0,0,1,1,0,0
diy,how to refinish a table,1,architecturaldigest.com;benjaminmoore.com;instructables.com;lowes.com;worldcoppersmith.com;youtube.com,0,1,0,0,0,0,0,0,1,0,0,0
diy,refinish a table yourself,1,architecturaldigest.com;benjaminmoore.com;littlereesorhouse.com;lowes.com;quora.com;worldcoppersmith.com;youtube.com,0,1,0,0,0,0,0,0,1,1,0,0
diy,refinish a table diy,1,architecturaldigest.com;facebook.com;honeybuilthome.com;instructables.com;quora.com;youtube.com,0,1,0,0,0,0,0,0,1,0,0,1
diy,refinish a table cost diy,1,angi.com;tri-countyfurniture.com;youtube.com,0,1,0,0,0,0,0,0,1,0,0,0
diy,refinish a table without professional,1,familyhandyman.com;quora.com;therootsofhome.com;youtube.com,0,1,0,0,0,0,0,0,1,0,0,1
diy,how to build a fire pit,1,instructables.com;youtube.com,0,1,0,0,0,0,0,0,1,0,0,0
diy,build a fire pit yourself,1,facebook.com;instructables.com;spring-green.com;youtube.com,0,1,0,1,0,0,0,1,1,0,0,1
diy,build a fire pit diy,0,,0,1,1,0,0,0,0,0,1,0,0,0
diy,build a fire pit cost diy,1,colonialnewburgh.com;reddit.com;thespruce.com;youtube.com,0,1,0,0,0,0,0,0,1,1,0,1
diy,build a fire pit without professional,1,instructables.com;lowes.com;reddit.com;spring-green.com;thespruce.com;youtube.com,0,1,0,0,0,0,0,0,1,1,0,1
diy,how to insulate a garage,1,reddit.com;renuityhome.com;trusscore.com;youtube.com,0,1,0,0,0,0,0,0,1,1,0,0
diy,insulate a garage yourself,1,garagebuildings.com;insulfoam.com;reddit.com;trusscore.com;youtube.com,0,1,0,0,0,0,0,0,1,0,0,1
diy,insulate a garage diy,1,garagebuildings.com;insulfoam.com;reddit.com;trusscore.com;youtube.com,0,1,0,0,0,0,0,0,1,0,0,1
diy,insulate a garage cost diy,1,modernize.com;oneclickdiy.com;thegarage.guide;youtube.com,0,1,0,0,0,0,0,0,1,0,0,0
diy,insulate a garage without professional,1,alansfactoryoutlet.com;facebook.com;homedepot.com;quora.com;trusscore.com;youtube.com,0,1,0,0,0,0,0,0,1,0,0,0
diy,how to install shelves,1,hairpin.com;lowes.com;youtube.com,0,1,0,0,0,0,0,0,1,0,0,0
diy,install shelves yourself,1,hairpin.com;homedepot.com;lowes.com;reddit.com;youtube.com,0,1,0,1,0,0,0,0,1,1,0,0
diy,install shelves diy,1,diy.com;homedepot.com;lowes.com;theguardian.com;youtube.com,0,1,0,1,0,0,0,0,1,0,0,1
diy,install shelves cost diy,1,youtube.com,0,1,0,0,0,0,0,0,1,0,0,0
diy,install shelves without professional,1,checkatrade.com;homedepot.com;reddit.com;woodsnap.com;youtube.com,0,1,0,0,0,0,0,0,1,1,0,1
diy,how to repair a fence,1,homedepot.com;thehonestcarpenter.com;youtube.com,0,1,0,0,0,0,0,0,1,0,0,1
diy,repair a fence yourself,1,homedepot.com;lowes.com;purplefencingcompany.com;youtube.com,0,1,0,1,0,0,0,0,1,1,0,1
diy,repair a fence diy,1,76fence.com;youtube.com,0,1,0,1,0,0,0,0,1,0,0,1
diy,repair a fence cost diy,1,barrierbossusa.com;bigjerrysfencing.com;urbancomplex.com;youtube.com,0,1,0,0,0,0,0,0,1,1,0,0
diy,repair a fence without professional,1,lowes.com;purplefencingcompany.com;youtube.com,0,1,0,1,0,0,0,0,1,1,0,0
diy,how to make concrete countertops,1,destinationeichler.com;diypete.com;reddit.com;youtube.com,0,1,0,0,0,0,0,0,1,0,0,0
diy,make concrete countertops yourself,1,homedepot.com;reddit.com;youtube.com,0,1,0,0,0,0,0,0,1,0,0,1
diy,make concrete countertops diy,1,homedepot.com;youtube.com,0,1,0,0,0,0,0,0,1,0,0,0
diy,make concrete countertops cost diy,1,addicted2decorating.com;concretecountertopinstitute.com;housefulofhandmade.com;instructables.com;reddit.com;runtoradiance.com;trueformconcrete.com;youtube.com,0,1,0,0,0,0,0,0,1,1,0,0
diy,make concrete countertops without professional,1,theinspiredworkshop.com;youtube.com,0,1,0,0,0,0,0,0,1,1,0,1
diy,how to frame a wall,0,,0,1,0,0,0,0,0,0,1,0,0,0
diy,frame a wall yourself,1,angelamariemade.com;homedepot.com;reddit.com;thespruce.com;youtube.com,0,1,0,0,0,0,0,0,1,0,0,0
diy,frame a wall diy,1,homedepot.com;youtube.com,0,1,0,0,0,0,0,0,0,0,0,0
diy,frame a wall cost diy,1,,0,1,0,0,0,0,0,0,1,0,0,0
diy,frame a wall without professional,1,angelamariemade.com;angi.com;bobvila.com;homedepot.com;reddit.com;reneeromeo.com;simplepracticalbeautiful.com;truittandwhite.com;youtube.com,0,1,0,0,0,0,0,0,1,1,0,0
diy,how to install a backsplash,1,apollotile.com;homedepot.com;lowes.com;tileshop.com;youtube.com,0,1,0,0,0,0,0,0,0,0,0,1
diy,install a backsplash yourself,1,erinzubotdesign.com;homedepot.com;lowes.com;thediyplaybook.com;tileshop.com;youtube.com,0,1,0,0,0,0,0,0,1,1,0,1
diy,install a backsplash diy,1,facebook.com;homedepot.com;lowes.com;mrhandyman.com;videos.homedepot.com;youtube.com,0,1,0,0,0,0,0,0,1,0,0,1
diy,install a backsplash cost diy,1,blockrenovation.com;bobvila.com;burrinisandsons.com;ofctile.com;reddit.com;youtube.com,0,1,0,0,0,0,0,0,1,0,0,0
diy,install a backsplash without professional,1,apollotile.com;homedepot.com;lowes.com;oasistile.com;tileshop.com;youtube.com,0,1,0,0,0,0,0,0,1,1,0,0
diy,how to build stairs,0,,0,1,0,0,0,0,0,0,1,0,0,0
diy,build stairs yourself,1,hardwood-lumber.com;homedepot.com;thisiscarpentry.com;youtube.com,0,1,0,0,0,0,0,0,1,0,0,0
diy,build stairs diy,1,youtube.com,0,1,0,0,0,0,0,0,0,0,0,0
diy,build stairs cost diy,1,facebook.com;homeguide.com;howmuch.net;tiktok.com;woodstairco.com;youtube.com,0,1,0,0,0,0,0,0,1,0,0,0
diy,build stairs without professional,1,homedepot.com;instructables.com;reddit.com;youtube.com,0,1,0,0,0,0,0,0,0,1,0,0
informational,what is photosynthesis,1,britannica.com;education.nationalgeographic.org;life.illinois.edu;ssec.si.edu;youtube.com,0,1,0,0,0,0,0,0,1,0,0,1
informational,how does photosynthesis work,1,britannica.com;education.nationalgeographic.org;en.wikipedia.org;monash.edu;oregonforests.org;ssec.si.edu;youtube.com,0,1,0,0,0,0,0,0,0,0,0,0
informational,photosynthesis explained,1,britannica.com;education.nationalgeographic.org;youtube.com,0,1,0,0,0,0,0,0,1,0,0,0
informational,photosynthesis for kids,1,kremp.com;study.com;youtube.com,0,1,0,0,0,0,0,0,0,0,0,0
informational,why is photosynthesis important,1,bioenergy.asu.edu;brainly.in;britannica.com;canr.msu.edu;knowunity.com;study.com;youtube.com,0,1,0,0,0,0,0,0,0,0,0,0
informational,what is the electoral college,1,archives.gov;azcleanelections.gov;brennancenter.org;campaignlegal.org;ncsbe.gov;ncsl.org;uk.usembassy.gov;usa.gov;youtube.com,0,0,0,0,0,0,0,0,1,0,0,0
informational,how does the electoral college work,1,archives.gov;bipartisanpolicy.org;sos.wa.gov;uk.usembassy.gov;usa.gov;youtube.com,0,0,0,0,0,0,0,0,1,0,0,0
informational,the electoral college explained,1,archives.gov;bipartisanpolicy.org;brennancenter.org;facebook.com;history.house.gov;ncsl.org;usa.gov;youtube.com,0,0,0,0,0,0,0,0,1,0,0,0
informational,the electoral college for kids,1,gallopade.com;kids.britannica.com;pbslearningmedia.org;today.com;youtube.com,0,0,0,0,0,0,0,0,1,0,0,0
informational,why is the electoral college important,1,archives.gov;bipartisanpolicy.org;familyfoundation.org;heritage.org;rutgers.edu;uk.usembassy.gov;usa.gov;wallbuilders.com;youtube.com,0,0,0,0,0,0,0,0,0,0,0,0
informational,what is black holes,1,facebook.com;reddit.com;science.nasa.gov;space.com;youtube.com,0,1,0,0,0,0,0,0,0,0,0,0
informational,how does black holes work,1,en.wikipedia.org;esa.int;nationalgeographic.com;science.nasa.gov;youtube.com,0,1,0,0,0,0,0,0,1,0,0,1
informational,black holes explained,1,esa.int;news.uchicago.edu;rmg.co.uk;science.nasa.gov;youtube.com,0,1,0,0,0,0,0,0,1,0,0,1
informational,black holes for kids,0,,0,1,0,0,0,0,0,0,1,0,0,0
informational,why is black holes important,1,brainly.com;cfa.harvard.edu;en.wikipedia.org;phys.org;reddit.com;science.nasa.gov;youtube.com,0,1,0,0,0,0,0,0,1,0,0,0
informational,what is inflation,1,blackrock.com;clevelandfed.org;congress.gov;en.wikipedia.org;federalreserve.gov;fidelity.com;investopedia.com;rba.gov.au;youtube.com,0,1,0,0,0,0,0,0,0,0,0,0
informational,how does inflation work,1,clevelandfed.org;congress.gov;en.wikipedia.org;equifax.com;federalreserve.gov;imf.org;investopedia.com;pimco.com;youtube.com,0,1,0,0,0,0,0,0,0,0,0,1
informational,inflation explained,1,blackrock.com;congress.gov;en.wikipedia.org;federalreserve.gov;youtube.com,0,1,0,0,0,0,0,0,1,0,0,1
informational,inflation for kids,1,gohenry.com;mostt.co;youtube.com,0,1,0,0,0,0,0,0,1,0,0,1
informational,why is inflation important,1,empeople.com;equifax.com;imf.org;investopedia.com;reddit.com;rosenbergresearch.com;youtube.com,0,1,0,0,0,0,0,0,0,0,0,0
informational,what is dna replication,1,abcam.com;facebook.com;khanacademy.org;ncbi.nlm.nih.gov;study.com;yourgenome.org;youtube.com,0,1,0,0,0,0,0,0,1,0,0,1
informational,how does dna replication work,1,abcam.com;teachmephysiology.com;thoughtco.com;youtube.com,0,1,0,0,0,0,0,0,1,0,0,1
informational,dna replication explained,1,abcam.com;facebook.com;khanacademy.org;ncbi.nlm.nih.gov;study.com;yourgenome.org;youtube.com,0,1,0,0,0,0,0,0,1,0,0,1
informational,dna replication for kids,1,facebook.com;flexbooks.ck12.org;nature.com;study.com;yourgenome.org;youtube.com,0,1,0,0,0,0,0,0,1,0,0,0
informational,why is dna replication important,1,abcam.com;ck12.org;ncbi.nlm.nih.gov;quora.com;yourgenome.org,0,1,0,0,0,0,0,0,1,0,0,0
informational,what is plate tectonics,1,education.nationalgeographic.org;kids.britannica.com;livescience.com;noaa.gov;sciencedirect.com;volcanoes.usgs.gov;youtube.com,0,1,0,0,0,0,0,0,1,0,0,1
informational,how does plate tectonics work,1,education.nationalgeographic.org;reddit.com;volcanoes.usgs.gov;youtube.com,0,1,0,0,0,0,0,0,1,0,0,0
informational,plate tectonics explained,1,education.nationalgeographic.org;kids.britannica.com;livescience.com;noaa.gov;sciencedirect.com;volcanoes.usgs.gov;youtube.com,0,1,0,0,0,0,0,0,1,0,0,0
informational,plate tectonics for kids,1,ducksters.com;k5learning.com;kids.britannica.com;youtube.com,0,1,0,0,0,0,0,0,0,0,0,0
informational,why is plate tectonics important,1,daily.jstor.org;education.nationalgeographic.org;nsf.gov;oceanservice.noaa.gov;quantamagazine.org;ugc.berkeley.edu;youtube.com,0,1,0,0,0,0,0,0,1,0,0,0
informational,what is the immune system,1,betterhealth.vic.gov.au;cancer.gov;hopkinsmedicine.org;medlineplus.gov;mstrust.org.uk;my.clevelandclinic.org;ncbi.nlm.nih.gov;primaryimmune.org;youtube.com,0,1,0,0,0,0,0,0,1,0,0,0
informational,how does the immune system work,1,cancerresearch.org;m.youtube.com;medlineplus.gov;my.clevelandclinic.org;ncbi.nlm.nih.gov;nigms.nih.gov;youtube.com,0,1,0,0,0,0,0,0,1,0,0,0
informational,the immune system explained,1,healthdirect.gov.au;hopkinsmedicine.org;lpi.oregonstate.edu;m.youtube.com;medlineplus.gov;my.clevelandclinic.org;ncbi.nlm.nih.gov;youtube.com,0,1,0,0,0,0,0,0,1,0,0,0
informational,the immune system for kids,1,coltsneckpediatrics.com;kids.britannica.com;kidsboostimmunity.com;kidshealth.org;kvaroyarctic.com;luriechildrens.org;pmc.ncbi.nlm.nih.gov;youtube.com,0,1,0,0,0,0,0,0,1,0,0,0
informational,why is the immune system important,1,cancerresearch.org;medlineplus.gov;my.clevelandclinic.org;ncbi.nlm.nih.gov;youtube.com,0,1,0,0,0,0,0,0,0,0,0,0
informational,what is machine learning,1,cloud.google.com;coursera.org;databricks.com;geeksforgeeks.org;mitsloan.mit.edu;salesforce.com;youtube.com,0,1,0,0,0,0,0,0,0,0,0,1
informational,how does machine learning work,1,aws.amazon.com;databricks.com;sitecore.com;youtube.com,0,1,0,0,0,0,0,0,1,0,0,1
informational,machine learning explained,1,cloud.google.com;coursera.org;databricks.com;geeksforgeeks.org;mitsloan.mit.edu;salesforce.com;youtube.com,0,1,0,0,0,0,0,0,1,0,0,0
informational,machine learning for kids,1,codemonkey.com;codingal.com;kidsaitools.com;machinelearningforkids.co.uk;youtube.com,0,1,0,0,0,0,0,0,1,0,0,0
informational,why is machine learning important,1,aws.amazon.com;datarobot.com;denodo.com;facebook.com;geeksforgeeks.org;inspirisys.com;linkedin.com;londoncg.com;mitsloan.mit.edu;researchgate.net;sas.com,0,1,0,0,0,0,0,0,0,0,0,0
informational,what is the water cycle,1,byjus.com;facebook.com;natgeokids.com;usgs.gov;youtube.com,0,1,0,0,0,0,0,0,0,0,0,1
informational,how does the water cycle work,1,iisd.org;noaa.gov;youtube.com,0,1,0,0,0,0,0,0,0,0,0,1
informational,the water cycle explained,1,apecwater.com;generationgenius.com;noaa.gov;study.com;youtube.com,0,1,0,0,0,0,0,0,1,0,0,0
informational,the water cycle for kids,1,generationgenius.com;miwaterstewardship.org;natgeokids.com;water.usgs.gov;youtube.com,0,1,0,0,0,0,0,0,1,0,0,1
informational,why is the water cycle important,1,atlas-scientific.com;bio.libretexts.org;brainly.in;en.wikipedia.org;gpm.nasa.gov;oceangeneration.org;thoughtco.com,0,1,0,0,0,0,0,0,0,0,0,0
informational,what is quantum computing,1,aws.amazon.com;azure.microsoft.com;bluequbit.io;malwarebytes.com;mckinsey.com;nist.gov,0,1,0,0,0,0,0,0,1,0,0,1
informational,how does quantum computing work,1,iberdrola.com;ibm.com;nist.gov;reddit.com;youtube.com,0,1,0,0,0,0,0,0,1,1,0,1
informational,quantum computing explained,1,azure.microsoft.com;en.wikipedia.org;malwarebytes.com;reddit.com;scienceexchange.caltech.edu;youtube.com,0,1,0,0,0,0,0,0,1,0,0,1
informational,quantum computing for kids,1,fact.technology;funtech.co.uk;medium.com;quantonic.com.au;youtube.com,0,1,0,0,0,0,0,0,1,1,0,0
informational,why is quantum computing important,1,accenture.com;ibm.com;mckinsey.com;nsf.gov;rochester.edu;sites.aub.edu.lb;techtarget.com;youtube.com,0,1,0,0,0,0,0,0,0,1,0,0
informational,what is the french revolution,1,britannica.com;en.wikipedia.org;guides.loc.gov;history.com;nationalarchives.gov.uk;youtube.com,0,1,0,0,0,0,0,0,0,0,0,0
informational,how does the french revolution work,1,britannica.com;ebsco.com;history.com;kids.britannica.com;nationalarchives.gov.uk;newworldencyclopedia.org;reddit.com;sciencedirect.com;thoughtco.com;youtube.com,0,1,0,0,0,0,0,0,1,0,0,0
informational,the french revolution explained,1,britannica.com;en.wikipedia.org;guides.loc.gov;history.com;nationalarchives.gov.uk;youtube.com,0,1,0,0,0,0,0,0,1,0,0,0
informational,the french revolution for kids,1,kids.kiddle.co;twinkl.ie;youtube.com,0,1,0,0,0,0,0,0,1,0,0,0
informational,why is the french revolution important,1,afscv.org;britannica.com;ebsco.com;history.com;historytoday.com;kids.britannica.com;reddit.com;youtube.com,0,1,0,0,0,0,0,0,1,0,0,0
informational,what is supply and demand,1,britannica.com;ebsco.com;investopedia.com,0,1,0,0,0,0,0,0,0,0,0,1
informational,how does supply and demand work,1,ebsco.com;imf.org;investopedia.com;netsuite.com;rbcroyalbank.com;rxo.com;sumup.com,0,1,0,0,0,0,0,0,1,0,0,1
informational,supply and demand explained,1,ebsco.com;imf.org;investopedia.com;netsuite.com;rbcroyalbank.com;rxo.com;sumup.com,0,1,0,0,0,0,0,0,1,0,0,0
informational,supply and demand for kids,1,gohenry.com;youtube.com,0,1,0,0,0,0,0,0,1,0,0,0
informational,why is supply and demand important,1,ebsco.com;investopedia.com;mailchimp.com;netsuite.com;rbcroyalbank.com,0,1,0,0,0,0,0,0,1,0,0,0
informational,what is the roman empire,1,britannica.com;en.wikipedia.org;odysseytraveller.com;studentsofhistory.com;youtube.com,0,1,0,0,0,0,0,0,0,0,0,1
informational,how does the roman empire work,1,bbc.co.uk;education.nationalgeographic.org;en.wikipedia.org;reddit.com;rome.net;youtube.com,0,1,0,0,0,0,0,0,1,0,0,0
informational,the roman empire explained,1,britannica.com;en.wikipedia.org;history.com;kids.nationalgeographic.com;mpm.edu;youtube.com,0,1,0,0,0,0,0,0,1,0,0,1
informational,the roman empire for kids,0,,0,1,0,0,0,0,0,0,1,0,0,0
informational,why is the roman empire important,1,britannica.com;en.wikipedia.org;mpm.edu;quora.com;reddit.com;youtube.com,0,1,0,0,0,0,0,0,0,0,0,0
informational,what is climate change,1,19january2017snapshot.epa.gov;bbc.com;en.wikipedia.org;science.nasa.gov;un.org;youtube.com,0,1,0,0,0,0,0,0,0,0,0,0
informational,how does climate change work,1,climate.colorado.gov;climateaging.bctr.cornell.edu;epa.gov;nhm.ac.uk;science.nasa.gov;un.org;youtube.com,0,1,0,0,0,0,0,0,0,0,0,0
informational,climate change explained,1,19january2017snapshot.epa.gov;bbc.com;en.wikipedia.org;science.nasa.gov;un.org;youtube.com,0,1,0,0,0,0,0,0,1,0,0,0
informational,climate change for kids,1,c2es.org;natgeokids.com;nhmu.utah.edu;savethechildren.org.uk;youtube.com,0,1,0,0,0,0,0,0,1,0,0,0
informational,why is climate change important,1,fsc.org;nhm.ac.uk;noaa.gov;savethechildren.org.uk;un.org;who.int;wwf.org.uk,0,1,0,0,0,0,0,0,0,0,0,0
informational,what is evolution,1,bbc.co.uk;britannica.com;youtube.com,0,1,0,0,0,0,0,0,0,0,0,1
informational,how does evolution work,1,amnh.org;yourgenome.org;youtube.com,0,1,0,0,0,0,0,0,0,0,0,0
informational,evolution explained,1,bbc.co.uk;britannica.com;youtube.com,0,1,0,0,0,0,0,0,1,0,0,0
informational,evolution for kids,1,penguin.co.uk;youtube.com,0,1,0,0,0,0,0,0,0,0,0,0
informational,why is evolution important,1,evolution.berkeley.edu;ncse.ngo;vedantu.com;youtube.com,0,1,0,0,0,0,0,0,0,0,0,0
informational,what is the stock market,1,bcu.ac.uk;fidelity.com;hyssa.com;investopedia.com;neamb.com;schwab.com;scotiaitrade.com;td.com;youtube.com,0,1,0,0,0,0,0,0,1,0,0,0
informational,how does the stock market work,1,fidelity.com;makecentsmakesense.nebraska.gov;raisin.com;td.com;youtube.com,0,1,0,0,0,0,0,0,1,0,0,0
informational,the stock market explained,1,investopedia.com;neamb.com;youtube.com,0,1,0,0,0,0,0,0,1,0,0,1
informational,the stock market for kids,1,fidelity.com;howthemarketworks.com;kidvestors.co;stockmarketgame.org;teenvestor.com,0,1,0,0,0,0,0,0,1,0,0,0
informational,why is the stock market important,1,brainly.in;byjus.com;horizontecubano.law.columbia.edu;iibs.edu.in;investopedia.com;youtube.com,0,1,0,0,0,0,0,0,0,1,0,0
informational,what is antibiotics resistance,1,emro.who.int;my.clevelandclinic.org;ncbi.nlm.nih.gov;nfid.org;who.int;youtube.com,0,1,0,0,0,0,0,0,0,0,0,0
informational,how does antibiotics resistance work,1,amr-action.au;medlineplus.gov;my.clevelandclinic.org;onlinepublichealth.gwu.edu;youtube.com,0,1,0,0,0,0,0,0,1,0,0,0
informational,antibiotics resistance explained,1,emro.who.int;my.clevelandclinic.org;ncbi.nlm.nih.gov;nfid.org;who.int;youtube.com,0,1,0,0,0,0,0,0,1,0,0,0
informational,antibiotics resistance for kids,1,chop.edu;cidrap.umn.edu;medicalxpress.com;nationwidechildrens.org;pmc.ncbi.nlm.nih.gov;rainbowpeds.net;sciencedirect.com;youtube.com,0,1,0,0,0,0,0,0,1,0,0,0
informational,why is antibiotics resistance important,1,cdc.gov;mcmasteroptimalaging.org;ncbi.nlm.nih.gov;who.int;yourgenome.org;youtube.com,0,1,0,0,0,0,0,0,0,0,0,0
informational,what is renewable energy,1,britannica.com;climate.mit.edu;constellation.com;eia.gov;en.wikipedia.org;enel.com;energy.sais.jhu.edu;facebook.com;ibm.com;un.org;youtube.com,0,1,0,0,0,0,0,0,0,0,0,0
informational,how does renewable energy work,1,brightlinedefense.org;newfortressenergy.com;skoot.eco;thrivabilitymatters.org;un.org;youtube.com,0,1,0,0,0,0,0,0,0,0,0,0
informational,renewable energy explained,1,britannica.com;climate.mit.edu;constellation.com;eia.gov;en.wikipedia.org;enel.com;energy.sais.jhu.edu;facebook.com;ibm.com;un.org;youtube.com,0,1,0,0,0,0,0,0,0,0,0,0
informational,renewable energy for kids,1,earthcubs.com;kids.earth.org;montanarenewables.org;youtube.com,0,1,0,0,0,0,0,0,1,0,0,0
informational,why is renewable energy important,1,apge.com;cleangridalliance.org;earthlighttech.com;epa.gov;ren21.net;renewableinstitute.org;un.org;youtube.com,0,1,0,0,0,0,0,0,0,0,0,0
informational,what is the big bang,1,facebook.com;space.com;youtube.com,0,1,0,0,0,0,0,0,0,0,0,1
informational,how does the big bang work,1,facebook.com;iop.org;spaceplace.nasa.gov;youtube.com,0,1,0,0,0,0,0,0,0,0,0,1
informational,the big bang explained,1,physics.mit.edu;space.com;websites.umich.edu;youtube.com,0,1,0,0,0,0,0,0,1,0,0,0
informational,the big bang for kids,1,spaceplace.nasa.gov;youtube.com,0,1,0,0,0,0,0,0,1,0,0,0
informational,why is the big bang important,1,accessscience.com;ebsco.com;physics.mit.edu;quora.com;science.nasa.gov;space.com;spaceplace.nasa.gov;study.com;symmetrymagazine.org,0,1,0,0,0,0,0,0,0,1,0,0
informational,what is cryptocurrency,1,cloudflare.com;coursera.org;kaspersky.com;morganstanley.com;youtube.com,0,1,0,0,0,0,0,0,0,0,0,0
informational,how does cryptocurrency work,1,coursera.org;fidelity.com;ibat.ie;pwc.com;rba.gov.au;schwab.com;us.norton.com;youtube.com,0,1,0,0,0,0,0,0,0,0,0,1
informational,cryptocurrency explained,1,cloudflare.com;coursera.org;kaspersky.com;morganstanley.com;youtube.com,0,1,0,0,0,0,0,0,1,0,0,0
informational,cryptocurrency for kids,1,amazon.com;investopedia.com;kids.kiddle.co;kidvestors.co;kiplinger.com;outschool.com;youtube.com,0,1,0,0,0,0,0,0,1,1,0,0
informational,why is cryptocurrency important,1,coursera.org;digitalchamber.org;en.wikipedia.org;fidelity.com;investopedia.com,0,1,0,0,0,0,0,0,0,0,0,0
navigational,netflix login,0,,0,0,0,0,0,0,0,0,0,0,0,1
navigational,netflix customer service,0,,0,0,0,0,0,0,0,0,0,0,0,0
navigational,netflix app,0,,0,1,0,0,0,0,0,0,0,0,0,0
navigational,netflix account settings,0,,0,1,0,0,0,0,0,0,0,0,0,0
navigational,netflix help center,0,,0,0,0,0,0,0,0,0,0,0,0,0
navigational,spotify login,0,,0,0,0,0,0,0,0,0,0,0,0,0
navigational,spotify customer service,0,,0,0,0,0,0,0,0,0,0,0,0,0
navigational,spotify app,0,,0,1,1,0,0,0,0,0,0,0,0,1
navigational,spotify account settings,1,support.spotify.com;youtube.com,0,1,0,0,0,0,0,0,0,0,0,0
navigational,spotify help center,0,,0,0,0,0,0,0,0,0,0,0,0,0
navigational,amazon login,1,amazon.com,0,0,0,0,0,0,0,0,0,0,0,0
navigational,amazon customer service,0,,0,0,0,0,0,0,0,0,0,0,0,1
navigational,amazon app,1,amazon.com;apps.apple.com;play.google.com;reddit.com;youtube.com,0,1,0,0,0,0,0,0,0,0,0,1
navigational,amazon account settings,0,,0,1,0,0,0,0,0,0,0,0,0,0
navigational,amazon help center,0,,0,0,0,0,0,0,0,0,0,0,0,0
navigational,gmail login,0,,0,0,0,0,0,0,0,0,0,0,0,0
navigational,gmail customer service,0,,0,0,0,0,0,0,0,0,0,0,0,0
navigational,gmail app,1,apps.apple.com;chromewebstore.google.com;gmail.en.download.it;mail.google.com;support.google.com;youtube.com,0,1,0,0,0,0,0,0,0,0,0,1
navigational,gmail account settings,0,,0,1,0,0,0,0,0,0,0,0,0,1
navigational,gmail help center,0,,0,0,0,0,0,0,0,0,0,0,0,0
navigational,facebook login,0,,0,0,0,0,0,0,0,0,0,0,0,0
navigational,facebook customer service,0,,0,0,0,0,0,0,0,0,0,0,0,0
navigational,facebook app,0,,0,1,0,0,0,0,0,0,0,0,0,1
navigational,facebook account settings,0,,0,1,0,0,0,0,0,0,0,0,0,0
navigational,facebook help center,0,,0,1,0,0,0,0,0,0,0,0,0,0
navigational,youtube login,0,,0,1,0,0,0,0,0,0,1,0,0,0
navigational,youtube customer service,0,,0,0,0,0,0,0,0,0,0,0,0,1
navigational,youtube app,0,,0,1,0,0,0,0,0,0,0,0,0,0
navigational,youtube account settings,0,,0,1,0,0,0,0,0,0,1,0,0,0
navigational,youtube help center,0,,0,0,0,0,0,0,0,0,0,0,0,0
navigational,instagram login,0,,0,0,0,0,0,0,0,0,0,0,0,0
navigational,instagram customer service,0,,0,0,0,0,0,0,0,0,0,0,0,1
navigational,instagram app,1,apps.apple.com;help.instagram.com;instagram.com;instagram.en.softonic.com;play.google.com,0,1,0,0,0,0,0,0,0,0,0,1
navigational,instagram account settings,1,help.instagram.com;meta.com;youtube.com,0,1,0,0,0,0,0,0,1,0,0,1
navigational,instagram help center,0,,0,0,0,0,0,0,0,0,0,0,0,0
navigational,paypal login,0,,0,0,0,0,0,0,0,0,0,0,0,0
navigational,paypal customer service,0,,0,0,0,0,0,0,0,0,0,0,0,0
navigational,paypal app,1,apps.apple.com;paypal.com;play.google.com,0,1,0,0,0,0,0,0,0,0,0,0
navigational,paypal account settings,1,paypal.com;quora.com,0,1,0,0,0,0,0,0,1,0,0,0
navigational,paypal help center,0,,0,0,0,0,0,0,0,0,0,0,0,0
navigational,zoom login,0,,0,0,0,0,0,0,0,0,0,0,0,0
navigational,zoom customer service,0,,0,0,0,0,0,0,0,0,0,0,0,0
navigational,zoom app,0,,0,1,0,0,0,0,0,0,0,0,0,0
navigational,zoom account settings,1,support.zoom.com;zoom.us,0,1,0,0,0,0,0,0,0,0,0,0
navigational,zoom help center,0,,0,1,0,0,0,0,0,0,0,0,0,0
navigational,dropbox login,0,,0,0,0,0,0,0,0,0,0,0,0,0
navigational,dropbox customer service,0,,0,0,0,0,0,0,0,0,0,0,0,0
navigational,dropbox app,1,apps.apple.com;dropbox.com;help.dropbox.com,0,1,0,0,0,0,0,0,0,0,0,1
navigational,dropbox account settings,1,community.dropbox.com;help.dropbox.com;learn.dropbox.com;youtube.com,0,1,0,0,0,0,0,0,0,0,0,0
navigational,dropbox help center,0,,0,1,0,0,0,0,0,0,0,0,0,0
navigational,linkedin login,0,,0,0,0,0,0,0,0,0,0,0,0,0
navigational,linkedin customer service,0,,0,0,0,0,0,0,0,0,0,0,0,1
navigational,linkedin app,0,,0,1,1,0,0,0,0,0,0,0,0,1
navigational,linkedin account settings,0,,0,1,0,0,0,0,0,0,0,0,0,1
navigational,linkedin help center,0,,0,1,0,0,0,0,0,0,0,0,0,1
navigational,twitter login,0,,0,0,0,0,0,0,0,0,0,0,0,0
navigational,twitter customer service,0,,0,0,0,0,0,0,0,0,0,0,0,0
navigational,twitter app,0,,0,1,0,0,0,0,0,0,0,0,0,1
navigational,twitter account settings,1,facebook.com;help.x.com;kiopi.com;privacyinternational.org;youtube.com,0,1,0,0,0,0,0,0,0,0,0,0
navigational,twitter help center,0,,0,1,0,0,0,0,0,0,0,0,0,0
navigational,reddit login,0,,0,0,0,0,0,0,0,0,0,0,0,1
navigational,reddit customer service,0,,0,0,0,0,0,0,0,0,0,0,0,0
navigational,reddit app,1,apps.apple.com;apps.microsoft.com;play.google.com;reddit-official-app.en.uptodown.com,0,1,0,0,0,0,0,0,0,0,0,1
navigational,reddit account settings,0,,0,1,0,0,0,0,0,0,0,0,0,0
navigational,reddit help center,0,,0,1,0,0,0,0,0,0,0,0,0,0
navigational,ebay login,0,,0,0,0,0,0,0,0,0,0,0,0,0
navigational,ebay customer service,0,,0,0,0,0,0,0,0,0,0,0,0,1
navigational,ebay app,0,,0,1,0,0,0,0,0,0,0,0,0,0
navigational,ebay account settings,0,,0,1,0,0,0,0,0,0,0,0,0,0
navigational,ebay help center,0,,0,0,0,0,0,0,0,0,0,0,0,0
navigational,walmart login,1,walmart.com,0,0,0,0,0,0,0,0,0,0,0,0
navigational,walmart customer service,0,,0,0,0,1,0,0,0,0,0,0,0,1
navigational,walmart app,1,apps.apple.com;facebook.com;play.google.com;walmart.com,0,1,0,0,0,0,0,0,0,0,0,1
navigational,walmart account settings,1,business.walmart.com;corporate.walmart.com;walmart.com,0,1,0,0,0,0,0,0,0,0,0,0
navigational,walmart help center,0,,0,0,0,0,0,0,0,0,0,0,0,0
navigational,target login,0,,0,0,0,0,0,0,0,0,0,0,0,0
navigational,target customer service,0,,0,0,0,0,0,0,0,0,0,0,0,1
navigational,target app,1,apps.apple.com;play.google.com;target.com,0,1,0,0,0,0,0,0,0,0,0,1
navigational,target account settings,1,security.target.com;target.com,0,1,0,0,0,0,0,0,0,0,0,0
navigational,target help center,0,,0,0,0,0,0,0,0,0,0,0,0,0
navigational,bank of america login,0,,0,0,0,0,0,0,0,0,0,0,0,0
navigational,bank of america customer service,0,,0,0,0,0,0,0,0,0,0,0,0,1
navigational,bank of america app,1,apps.apple.com;bankofamerica.com;info.bankofamerica.com;play.google.com,0,0,0,0,0,0,0,0,0,0,0,0
navigational,bank of america account settings,1,bankofamerica.com;info.bankofamerica.com;secure.bankofamerica.com;youtube.com,0,1,0,0,0,0,0,0,0,0,0,0
navigational,bank of america help center,0,,0,0,0,0,0,0,0,0,0,0,0,0
navigational,chase login,0,,0,0,0,0,0,0,0,0,0,0,0,0
navigational,chase customer service,0,,0,1,0,0,0,0,0,0,0,0,0,0
navigational,chase app,0,,0,1,0,0,0,0,0,0,0,0,0,0
navigational,chase account settings,1,chase.com,0,1,0,0,0,0,0,0,0,0,0,0
navigational,chase help center,0,,0,1,0,0,0,0,0,0,0,0,0,0
navigational,delta airlines login,1,apps.apple.com;delta.com,0,1,0,0,0,0,0,0,0,0,0,0
navigational,delta airlines customer service,0,,0,0,0,0,0,0,0,0,0,0,0,1
navigational,delta airlines app,1,apps.apple.com;delta.com;news.delta.com;play.google.com,0,0,0,0,0,0,0,0,0,0,0,1
navigational,delta airlines account settings,1,apps.it.purdue.edu;delta.com,0,1,0,0,0,0,0,0,0,0,0,0
navigational,delta airlines help center,0,,0,0,0,0,0,0,0,0,0,0,0,0
navigational,fedex login,1,fedex-ced.my.site.com;fedex.com,0,0,0,0,0,0,0,0,0,0,0,0
navigational,fedex customer service,0,,0,0,0,0,0,0,0,0,0,0,0,1
navigational,fedex app,1,fedex.com;play.google.com,0,0,0,0,0,0,0,0,0,0,0,0
navigational,fedex account settings,1,fedex.com,0,1,0,0,0,0,0,0,0,0,0,0
navigational,fedex help center,0,,0,0,0,1,0,0,0,0,0,0,0,0
local,coffee shop near me,0,,0,0,0,1,0,0,0,0,0,0,0,1
local,best coffee shop near me,0,,0,1,0,1,0,0,0,0,0,0,0,0
local,coffee shop open now,0,,0,0,0,1,0,0,0,0,0,0,0,1
local,24 hour coffee shop,0,,0,1,0,1,0,0,0,0,1,0,0,1
local,cheap coffee shop nearby,0,,0,1,0,1,0,0,0,0,0,0,0,0
local,pizza near me,0,,0,1,0,1,0,0,0,0,0,0,0,1
local,best pizza near me,0,,0,1,0,1,0,0,0,0,0,0,0,0
local,pizza open now,0,,0,1,0,1,0,0,0,0,0,0,0,0
local,24 hour pizza,1,austin.eater.com;favoritepizzaaustin.com;locations.pizzahut.com;m.yelp.com;thepizzapress.com,0,1,0,0,0,0,0,0,0,0,0,0
local,cheap pizza nearby,0,,0,1,0,1,0,0,0,0,0,0,0,0
local,urgent care near me,0,,0,1,0,1,0,0,0,0,0,0,0,0
local,best urgent care near me,0,,0,1,0,1,0,0,0,0,0,0,0,0
local,urgent care open now,0,,0,1,0,1,0,0,0,0,0,0,0,0
local,24 hour urgent care,0,,0,1,0,1,0,0,0,0,0,0,0,0
local,cheap urgent care nearby,0,,0,1,0,1,0,0,0,0,0,0,0,0
local,car wash near me,0,,0,1,0,1,0,0,0,0,0,0,0,0
local,best car wash near me,1,palmscarwash.com;reddit.com;washarooatx.com;whitewatercw.com,0,1,0,1,0,0,0,0,0,0,0,0
local,car wash open now,0,,0,1,0,1,0,0,0,0,0,0,0,1
local,24 hour car wash,0,,0,1,0,1,0,0,0,0,0,0,0,0
local,cheap car wash nearby,0,,0,1,0,1,0,0,0,0,0,0,0,0
local,dry cleaner near me,0,,0,0,0,1,0,0,0,0,0,0,0,0
local,best dry cleaner near me,0,,0,1,0,1,0,0,0,0,0,0,0,0
local,dry cleaner open now,0,,0,1,0,1,0,0,0,0,0,0,0,0
local,24 hour dry cleaner,0,,0,1,0,1,0,0,0,0,0,0,0,0
local,cheap dry cleaner nearby,0,,0,1,0,1,0,0,0,0,0,0,0,0
local,gym near me,0,,0,1,0,1,0,0,0,0,0,0,0,1
local,best gym near me,0,,0,1,0,1,0,0,0,0,0,0,0,0
local,gym open now,0,,0,1,0,1,0,0,0,0,0,0,0,1
local,24 hour gym,0,,0,1,0,1,0,0,0,0,0,0,0,1
local,cheap gym nearby,0,,0,1,0,1,0,0,0,0,0,0,0,0
local,pharmacy near me,0,,0,0,0,1,0,0,0,0,0,0,0,0
local,best pharmacy near me,0,,0,1,0,1,0,0,0,0,0,0,0,0
local,pharmacy open now,0,,0,0,0,1,0,0,0,0,0,0,0,0
local,24 hour pharmacy,1,insiderx.com;walgreens.com,0,1,0,1,0,0,0,0,0,0,0,0
local,cheap pharmacy nearby,0,,0,1,0,1,0,0,0,0,0,0,0,0
local,hair salon near me,0,,0,1,0,1,0,0,0,0,0,0,0,1
local,best hair salon near me,0,,0,1,0,1,0,0,0,0,0,0,0,0
local,hair salon open now,0,,0,1,0,1,0,0,0,0,0,0,0,0
local,24 hour hair salon,0,,0,1,0,1,0,0,0,0,0,0,0,0
local,cheap hair salon nearby,0,,0,1,0,1,0,0,0,0,0,1,0,0
local,dentist near me,0,,0,1,0,1,0,0,0,0,0,0,0,0
local,best dentist near me,0,,0,1,0,1,0,0,0,0,0,0,0,0
local,dentist open now,0,,0,1,0,1,0,0,0,0,0,0,0,0
local,24 hour dentist,1,austindentistry.com;austinprimarydental.com;emergencydentistofaustin.com;southaustindentalassociates.com,0,1,0,1,0,0,0,0,0,0,0,0
local,cheap dentist nearby,0,,0,1,0,1,0,0,0,0,0,1,0,0
local,sushi restaurant near me,0,,0,0,0,1,0,0,0,0,0,0,0,0
local,best sushi restaurant near me,0,,0,1,0,1,0,0,0,0,0,0,0,0
local,sushi restaurant open now,0,,0,1,0,1,0,0,0,0,0,0,0,1
local,24 hour sushi restaurant,0,,0,1,0,1,0,0,0,0,0,0,0,0
local,cheap sushi restaurant nearby,0,,0,1,0,1,0,0,0,0,0,0,0,0
local,hardware store near me,0,,0,0,0,1,0,0,0,0,0,0,0,0
local,best hardware store near me,0,,0,1,0,1,0,0,0,0,0,0,0,0
local,hardware store open now,0,,0,1,0,1,0,0,0,0,0,0,0,0
local,24 hour hardware store,1,acehardware.com;homedepot.com;lowes.com;reddit.com;walmart.com,0,0,0,1,0,0,0,0,0,0,0,0
local,cheap hardware store nearby,0,,0,1,0,1,0,0,0,0,0,0,0,0
local,vet clinic near me,0,,0,1,0,1,0,0,0,0,0,0,0,0
local,best vet clinic near me,0,,0,1,0,1,0,0,0,0,0,0,0,0
local,vet clinic open now,0,,0,1,0,1,0,0,0,0,0,0,0,0
local,24 hour vet clinic,0,,0,1,0,1,0,0,0,0,0,0,0,0
local,cheap vet clinic nearby,0,,0,1,0,1,0,0,0,0,0,1,0,0
local,bakery near me,0,,0,1,0,1,0,0,0,0,0,0,0,1
local,best bakery near me,0,,0,0,0,1,0,0,0,0,0,0,0,0
local,bakery open now,0,,0,1,0,1,0,0,0,0,0,0,0,1
local,24 hour bakery,0,,0,0,0,1,0,0,0,0,0,0,0,0
local,cheap bakery nearby,0,,0,1,0,1,0,0,0,0,0,0,0,0
local,tire shop near me,0,,0,1,0,1,0,0,0,0,0,0,0,0
local,best tire shop near me,0,,0,1,0,1,0,0,0,0,0,0,0,0
local,tire shop open now,0,,0,1,0,1,0,0,0,0,0,0,0,1
local,24 hour tire shop,0,,0,0,0,1,0,0,0,0,0,0,0,0
local,cheap tire shop nearby,0,,0,1,0,1,0,0,0,0,0,0,0,0
local,nail salon near me,0,,0,1,0,1,0,0,0,0,0,0,0,1
local,best nail salon near me,0,,0,1,0,1,0,0,0,0,0,0,0,0
local,nail salon open now,0,,0,1,0,1,0,0,0,0,0,0,0,0
local,24 hour nail salon,1,cutenailstudio.com;vivadayspa.com;yelp.com,0,1,0,1,0,0,0,0,0,0,0,0
local,cheap nail salon nearby,0,,0,1,0,1,0,0,0,0,0,0,0,0
local,thai food near me,0,,0,0,0,1,0,0,0,0,0,0,0,1
local,best thai food near me,0,,0,1,0,1,0,0,0,0,0,0,0,0
local,thai food open now,0,,0,0,0,1,0,0,0,0,0,0,0,1
local,24 hour thai food,0,,0,1,0,1,0,0,0,0,0,0,0,0
local,cheap thai food nearby,0,,0,1,0,1,0,0,0,0,0,0,0,0
local,oil change near me,0,,0,1,0,1,0,0,0,0,0,0,0,0
local,best oil change near me,1,groupon.com;jiffylube.com;midas.com;oilchangers.com;reddit.com;take5.com,0,1,0,1,0,0,0,0,0,0,0,0
local,oil change open now,0,,0,1,0,1,0,0,0,0,0,0,0,0
local,24 hour oil change,0,,0,1,0,1,0,0,0,0,0,0,0,0
local,cheap oil change nearby,0,,0,1,0,1,0,0,0,0,0,0,0,0
local,locksmith near me,0,,0,1,0,1,0,0,0,0,0,0,0,0
local,best locksmith near me,0,,0,1,0,1,0,0,0,0,0,0,0,0
local,locksmith open now,0,,0,1,0,1,0,0,0,0,0,0,0,1
local,24 hour locksmith,0,,0,1,0,1,0,0,0,0,0,0,0,0
local,cheap locksmith nearby,0,,0,1,0,1,0,0,0,0,0,0,0,0
local,farmers market near me,0,,0,0,0,1,0,0,0,0,0,0,0,1
local,best farmers market near me,1,bartoncreekfarmersmarket.org;instagram.com;reddit.com;texasfarmersmarket.org;thefabpropertygroup.com,0,1,0,1,0,0,0,0,0,0,0,0
local,farmers market open now,0,,0,1,0,1,0,0,0,0,0,0,0,0
local,24 hour farmers market,0,,0,1,0,1,0,0,0,0,0,0,0,0
local,cheap farmers market nearby,0,,0,1,0,1,0,0,0,0,0,0,0,0
local,brunch near me,0,,0,0,0,1,0,0,0,0,0,0,0,1
local,best brunch near me,0,,0,0,0,1,0,0,0,0,0,0,0,0
local,brunch open now,0,,0,1,0,1,0,0,0,0,0,0,0,0
local,24 hour brunch,0,,0,1,0,1,0,0,0,0,0,0,0,0
local,cheap brunch nearby,0,,0,1,0,1,0,0,0,0,0,1,0,0
events,concerts this weekend,1,bandsintown.com;eventticketscenter.com;facebook.com;jambase.com;music.apple.com,0,1,0,0,0,0,0,0,0,0,1,0
events,concerts near me tonight,1,do512.com;seatgeek.com;ticketmaster.com,0,1,0,0,0,0,0,0,0,0,0,0
events,upcoming concerts,1,seatgeek.com;ticketmaster.com,0,1,0,0,0,0,0,0,0,0,0,0
events,concerts in austin,1,austintexas.org;bandsintown.com;cambriaaustinairport.com;festivaly.eu;superingressos.com;thesaxonpub.com;ticombo.com;viagogo.com,0,1,0,0,0,0,0,0,0,0,1,0
events,free concerts today,1,eventbrite.com,0,1,0,0,0,0,0,0,0,0,0,0
events,comedy shows this weekend,1,eventbrite.com;facebook.com;stubhub.com;the-velveeta-room-the-velveeta-room.seatengine.com;viagogo.gr;vividseats.com,0,0,0,0,0,0,0,0,0,0,1,0
events,comedy shows near me tonight,0,,0,0,0,1,0,0,0,0,0,0,0,0
events,upcoming comedy shows,1,austintexas.org;capcitycomedy.com;promotix.com;simpletix.com;songkick.com;stubhub.com,0,1,0,0,0,0,0,0,0,0,1,0
events,comedy shows in austin,0,,0,1,0,1,0,0,0,0,0,0,1,0
events,free comedy shows today,1,creekandcave.com;reddit.com,0,1,0,1,0,0,0,0,0,0,0,0
events,food festivals this weekend,1,createaustin.org;facebook.com;thefieldhousetexas.com,0,1,0,0,0,0,0,0,0,0,0,1
events,food festivals near me tonight,1,austinfoodandwinefestival.com;austintexas.org;downtownaustin.com;eventbrite.com;feverup.com,0,1,0,0,0,0,0,0,0,0,0,0
events,upcoming food festivals,1,austintexas.org;eventbrite.com;facebook.com;macncheesetour.com;thefieldhousetexas.com,0,1,0,0,0,0,0,0,0,0,1,1
events,food festivals in austin,1,austintexas.org;eventbrite.com;eventseeker.com;facebook.com;macncheesetour.com,0,1,0,0,0,0,0,0,0,0,1,1
events,free food festivals today,1,do512.com;downtownaustin.com;eventbrite.com,0,1,0,0,0,0,0,0,0,0,0,0
events,art exhibitions this weekend,1,austintexas.org;blantonmuseum.org;glasstire.com;reddottexas.com;wcc.art,0,1,0,0,0,0,0,0,0,0,0,0
events,art exhibitions near me tonight,1,calendar.austinchronicle.com;thecontemporaryaustin.org;thisismesmerize.com,0,1,0,1,0,0,0,0,0,0,0,0
events,upcoming art exhibitions,1,artaustin.org;blantonmuseum.org;thecontemporaryaustin.org,0,1,0,1,0,0,0,0,0,0,0,1
events,art exhibitions in austin,0,,0,1,0,1,0,0,0,0,0,0,0,1
events,free art exhibitions today,1,artaustin.org;getyourguide.com;monicagoes.com;nexttribe.com;thecontemporaryaustin.org;travellikeanna.com,0,1,0,1,0,0,0,0,0,0,0,0
events,farmers markets this weekend,1,,0,1,0,1,0,0,0,0,0,0,0,0
events,farmers markets near me tonight,1,edibleaustin.com;services.austintexas.gov,0,1,0,1,0,0,0,0,0,0,0,0
events,upcoming farmers markets,1,austinfarmersmarket.com;bartoncreekfarmersmarket.org;dallasites101.com;do512.com;instagram.com;services.austintexas.gov;texasfarmersmarket.org,0,1,0,1,0,0,0,0,0,0,0,0
events,farmers markets in austin,0,,0,1,0,1,0,0,0,0,0,1,0,1
events,free farmers markets today,0,,0,1,0,1,0,0,0,0,0,0,0,1
events,live music this weekend,0,,0,1,0,1,0,0,0,0,0,0,1,1
events,live music near me tonight,1,calendar.austinchronicle.com;do512.com;ticketmaster.com,0,1,0,1,0,0,0,0,0,0,0,0
events,upcoming live music,1,atxconcertlog.com;austintexas.org;bandsintown.com;eventbrite.com;google.com;heyaustin.com;seatgeek.com;stubhub.com,0,1,0,0,0,0,0,0,0,0,1,0
events,live music in austin,0,,0,1,0,1,0,0,0,0,0,0,1,0
events,free live music today,1,calendar.austinchronicle.com;eventbrite.com,0,1,0,0,0,0,0,0,0,0,0,0
events,theater shows this weekend,1,createaustin.org;crowdwork.com;eventbrite.com;facebook.com;feverup.com;meetup.com;thearchivetheater.org;ticketmaster.com,0,1,0,0,0,0,0,0,0,0,1,0
events,theater shows near me tonight,1,nowplayingaustin.com,0,1,0,1,0,0,0,0,0,0,0,0
events,upcoming theater shows,1,facebook.com;ticketmaster.com;tribeza.com,0,1,0,0,0,0,0,0,0,0,1,0
events,theater shows in austin,0,,0,1,0,1,0,0,0,0,0,0,1,0
events,free theater shows today,1,nowplayingaustin.com,0,1,0,0,0,0,0,0,0,0,0,0
events,sports games this weekend,1,facebook.com;google.com;gotickets.com;sports.yahoo.com;ticketmaster.com,0,1,0,0,0,0,0,0,0,0,1,0
events,sports games near me tonight,1,pinthouse.com;seatgeek.com;ticketmaster.com,0,1,0,0,0,0,0,0,0,0,0,0
events,upcoming sports games,1,austinfc.com;austintexas.org;gametime.co;sports.yahoo.com;stubhub.com;ticketmaster.com,0,1,0,0,0,0,0,0,0,0,1,0
events,sports games in austin,0,,0,1,0,1,0,0,0,0,0,0,1,0
events,free sports games today,1,msn.com,0,1,0,0,0,0,0,0,0,0,0,0
events,craft fairs this weekend,1,eventbrite.com;fairsandfestivals.net,0,1,0,0,0,0,0,0,0,0,0,0
events,craft fairs near me tonight,1,downtownaustin.com;eventbrite.com;thefrontmarket.com,0,1,0,0,0,0,0,0,0,0,0,0
events,upcoming craft fairs,1,austintexas.org;bandsintown.com;eventbrite.com;facebook.com;heyaustin.com;instagram.com,0,1,0,0,0,0,0,0,0,0,1,0
events,craft fairs in austin,1,austintexas.org;bandsintown.com;eventbrite.com;facebook.com;heyaustin.com,0,1,0,0,0,0,0,0,0,0,1,0
events,free craft fairs today,1,eventbrite.com;thefrontmarket.com,0,1,0,0,0,0,0,0,0,0,0,0
events,wine tastings this weekend,1,austintexas.org;do512.com;eventbrite.com;exploretock.com;housewineaustin.com;reddit.com;texasfinewine.com,0,1,0,1,0,0,0,0,0,0,0,0
events,wine tastings near me tonight,1,exploretock.com;tripadvisor.com;viator.com,0,1,0,1,0,0,0,0,0,0,0,0
events,upcoming wine tastings,1,austintexas.org;eventbrite.com;facebook.com;instagram.com;localwineevents.com,0,1,0,1,0,0,0,0,0,0,1,0
events,wine tastings in austin,0,,0,1,0,1,0,0,0,0,0,0,0,0
events,free wine tastings today,1,m.yelp.com,0,1,0,1,0,0,0,0,0,0,0,0
events,car shows this weekend,1,google.com;viagogo.com;vividseats.com,0,1,0,0,0,0,0,0,0,0,1,0
events,car shows near me tonight,1,getoutgarage.com,0,0,0,0,0,0,0,0,0,0,0,0
events,upcoming car shows,1,facebook.com;goroundrock.com;hcrpca.org;instagram.com;viagogo.com;vividseats.com,0,1,0,0,0,0,0,0,0,0,1,0
events,car shows in austin,0,,0,1,1,0,0,0,0,0,1,0,1,0
events,free car shows today,1,eventbrite.com;motoraustin.com;motortexas.com,0,1,0,0,0,0,0,0,0,0,0,0
events,book signings this weekend,1,bandsintown.com,0,1,0,0,0,0,0,0,0,0,1,0
events,book signings near me tonight,1,,0,1,0,0,0,0,0,0,0,0,0,0
events,upcoming book signings,1,bandsintown.com;eventbrite.com;facebook.com;nchmuseum.org,0,1,0,0,0,0,0,0,0,0,1,0
events,book signings in austin,0,,0,1,1,0,0,0,0,0,0,0,1,0
events,free book signings today,1,eventbrite.com,0,1,0,0,0,0,0,0,0,0,0,0
events,trivia nights this weekend,1,eventbrite.com;groupon.com;meetup.com,0,1,0,1,0,0,0,0,0,0,0,0
events,trivia nights near me tonight,1,do512.com,0,0,0,1,0,0,0,0,0,0,0,0
events,upcoming trivia nights,1,do512.com;eastside.industrytx.com;eventbrite.com;facebook.com;notrocketsciencetrivia.com;trivianearme.net,0,1,0,0,0,0,0,0,0,0,0,0
events,trivia nights in austin,1,google.com;instagram.com;reddit.com,0,1,0,1,0,0,0,0,0,0,0,0
events,free trivia nights today,1,do512.com;m.yelp.com,0,1,0,0,0,0,0,0,0,0,0,0
events,outdoor movies this weekend,1,bluestarliteaustin.com;do512.com;docsdriveintheatre.com;eventbrite.com;mlf.org,0,1,0,0,0,0,0,0,0,0,0,0
events,outdoor movies near me tonight,1,austinparks.org;bluestarliteaustin.com;do512family.com;facebook.com;yelp.com,0,1,0,1,0,0,0,0,0,0,0,0
events,upcoming outdoor movies,1,eventbrite.com;events.leapevents.com;ma.to;mlf.org;thefieldhousetexas.com;tribeza.com,0,1,0,0,0,0,0,0,0,0,0,0
events,outdoor movies in austin,0,,0,1,0,1,0,0,0,0,0,0,0,0
events,free outdoor movies today,1,do512.com;eventbrite.com;mlf.org,0,1,0,0,0,0,0,0,0,0,0,0
events,marathons this weekend,1,daymakeratx.com;findarace.com;letsdothis.com;raceraves.com,0,1,0,0,0,0,0,0,0,0,0,0
events,marathons near me tonight,1,instagram.com;raceraves.com;runguides.com;trailracingovertexas.com;youraustinmarathon.com,0,1,0,0,0,0,0,0,0,0,0,0
events,upcoming marathons,1,marathonguide.com;raceraves.com;runguides.com;runningintheusa.com;youraustinmarathon.com,0,1,0,0,0,0,0,0,0,0,0,0
events,marathons in austin,1,austintexas.org;en.wikipedia.org;facebook.com;marathonguide.com;runguides.com;runsignup.com;youraustinmarathon.com,0,1,0,0,0,0,0,0,0,0,0,0
events,free marathons today,1,austintexas.gov;daymakeratx.com;facebook.com;findarace.com;luxurytraveldiarie.com,0,1,0,0,0,0,0,0,0,0,0,0
events,music festivals this weekend,1,jambase.com;musicfestivalwizard.com;vividseats.com,0,1,0,0,0,0,0,0,0,0,1,0
events,music festivals near me tonight,1,calendar.austinchronicle.com;do512.com,0,1,0,0,0,0,0,0,0,0,0,0
events,upcoming music festivals,1,jambase.com;livenation.com;songkick.com,0,1,0,0,0,0,0,0,0,0,1,0
events,music festivals in austin,1,austintexas.org;bandsintown.com;do512.com;jambase.com;open.spotify.com,0,1,0,0,0,0,0,0,0,0,0,0
events,free music festivals today,1,austintexas.org;eventbrite.com,0,1,0,0,0,0,0,0,0,0,0,0
events,job fairs this weekend,1,eventbrite.com;jobfairx.com,0,1,0,0,0,0,0,0,0,0,0,0
events,job fairs near me tonight,1,eventbrite.com;wfscapitalarea.com,0,1,0,0,0,0,0,0,0,0,0,0
events,upcoming job fairs,1,besthirecareerfairs.com;careersuccess.utexas.edu;eventbrite.com;jobfairx.com;unitedcareerfairs.com,0,1,0,0,0,0,0,0,0,0,0,0
events,job fairs in austin,1,austintexas.gov;diversityx.net;eventbrite.com;indeed.com;jobfairx.com;wfscapitalarea.com,0,1,0,0,0,0,0,0,0,0,0,0
events,free job fairs today,1,eventbrite.com;jobfairx.com,0,1,0,0,0,0,0,0,0,0,0,0
events,flea markets this weekend,0,,0,1,0,1,0,0,0,0,0,0,0,1
events,flea markets near me tonight,1,austincountry.citymax.com;austinflea.net;instagram.com;spyglassrealty.com,0,1,0,1,0,0,0,0,0,0,0,0
events,upcoming flea markets,1,austincountry.citymax.com;austinflea.net;austinot.com;austintexas.org;facebook.com;realtyaustin.com,0,1,0,1,0,0,0,0,0,0,0,0
events,flea markets in austin,0,,0,1,0,1,0,0,0,0,0,1,0,0
events,free flea markets today,1,austincountry.citymax.com;instagram.com;tiktok.com,0,1,0,1,0,0,0,0,0,0,0,0
events,poetry readings this weekend,1,bandsintown.com;facebook.com,0,1,0,0,0,0,0,0,0,0,1,0
events,poetry readings near me tonight,1,eventbrite.com;m.yelp.com;sites.google.com,0,1,0,1,0,0,0,0,0,0,0,0
events,upcoming poetry readings,1,,0,0,0,0,0,0,0,0,0,0,1,0
events,poetry readings in austin,1,en.wikipedia.org;eventbrite.com;facebook.com;instagram.com;tickets.atxtheatre.org,0,1,0,1,0,0,0,0,0,1,0,0
events,free poetry readings today,1,eventbrite.com;thepoethouse.org,0,1,0,0,0,0,0,0,0,0,0,0
events,karaoke nights this weekend,0,,0,1,0,1,0,0,0,0,0,0,0,0
events,karaoke nights near me tonight,0,,0,1,0,1,0,0,0,0,0,0,0,0
events,upcoming karaoke nights,1,austin.eater.com;google.com;instagram.com,0,1,0,1,0,0,0,0,0,0,0,1
events,karaoke nights in austin,0,,0,1,0,1,0,0,0,0,0,1,0,0
events,free karaoke nights today,1,dallasites101.com;gregwallingrealestate.com;m.yelp.com,0,1,0,1,0,0,0,0,0,0,0,0
purchase,buy wireless earbuds,0,,0,1,0,1,0,0,0,1,0,0,0,0
purchase,best wireless earbuds 2026,1,crutchfield.com;forbes.com;youtube.com,0,1,0,0,0,0,0,1,1,0,0,1
purchase,wireless earbuds deals,0,,0,1,0,0,0,0,0,1,0,0,0,1
purchase,wireless earbuds under 100,1,rtings.com,0,1,0,0,0,0,0,1,0,0,0,1
purchase,wireless earbuds sale,0,,0,1,0,1,0,0,0,1,0,0,0,1
purchase,buy running shoes,0,,0,1,0,1,0,0,0,1,0,0,0,0
purchase,best running shoes 2026,1,outsideonline.com;reddit.com;runrepeat.com;theruntesters.com;youtube.com,0,0,0,0,0,0,0,0,0,0,0,1
purchase,running shoes deals,1,rnjsports.com;runningwarehouse.com,0,1,0,0,0,0,0,1,0,0,0,1
purchase,running shoes under 100,0,,0,1,0,0,0,0,0,1,0,1,0,0
purchase,running shoes sale,1,nike.com,0,0,0,1,0,0,0,1,0,0,0,0
purchase,buy air fryer,0,,0,1,0,1,0,0,0,1,0,0,0,1
purchase,best air fryer 2026,1,bonappetit.com;youtube.com,0,1,0,0,0,0,0,0,1,0,0,0
purchase,air fryer deals,0,,0,1,0,0,0,0,0,1,0,0,0,1
purchase,air fryer under 100,1,bonappetit.com;reddit.com;rtings.com,0,1,0,0,0,0,0,1,0,0,0,0
purchase,air fryer sale,0,,0,1,0,1,0,0,0,1,0,0,0,1
purchase,buy standing desk,0,,0,1,0,1,0,0,0,1,0,0,0,0
purchase,best standing desk 2026,0,,0,1,0,0,0,0,0,0,1,0,0,1
purchase,standing desk deals,0,,0,1,0,0,0,0,0,1,0,0,0,1
purchase,standing desk under 100,1,facebook.com;target.com,0,1,0,1,0,0,0,1,0,0,0,0
purchase,standing desk sale,0,,0,1,0,1,0,0,0,1,0,0,0,1
purchase,buy robot vacuum,0,,0,1,0,1,0,0,0,1,0,0,0,0
purchase,best robot vacuum 2026,1,cnet.com;justadadapproved.com;vacuumwars.com;youtube.com,0,1,0,0,0,0,0,1,1,0,0,1
purchase,robot vacuum deals,0,,0,1,0,0,0,0,0,1,0,0,0,1
purchase,robot vacuum under 100,1,,0,1,0,0,0,0,0,1,0,1,0,0
purchase,robot vacuum sale,0,,0,1,0,0,0,0,0,1,0,0,0,1
purchase,buy office chair,0,,0,1,1,0,0,0,0,1,0,0,0,1
purchase,best office chair 2026,1,hbada.com;nytimes.com;wired.com;youtube.com,0,1,0,0,0,0,0,1,1,0,0,1
purchase,office chair deals,0,,0,1,0,0,0,0,0,1,0,0,0,1
purchase,office chair under 100,0,,0,1,0,0,0,0,0,1,0,1,0,1
purchase,office chair sale,0,,0,1,0,1,0,0,0,1,0,0,0,0
purchase,buy gaming laptop,0,,0,1,0,1,0,0,0,1,0,0,0,0
purchase,best gaming laptop 2026,1,pcmag.com;pcworld.com;uk.pcmag.com,0,1,0,0,0,0,0,0,0,0,0,0
purchase,gaming laptop deals,1,youtube.com,0,1,0,0,0,0,0,1,0,0,0,1
purchase,gaming laptop under 100,1,amazon.com;bestbuy.com;discountcomputerdepot.com;reddit.com,0,1,0,0,0,0,0,0,1,1,0,0
purchase,gaming laptop sale,0,,0,1,0,0,0,0,0,1,0,0,0,0
purchase,buy espresso machine,1,bestbuy.com;clivecoffee.com;macys.com;nytimes.com;wholelattelove.com;youtube.com,0,1,0,1,0,0,0,1,0,0,0,0
purchase,best espresso machine 2026,1,bonappetit.com;seriouseats.com;westernliving.ca;youtube.com,0,0,0,0,0,0,0,1,1,0,0,1
purchase,espresso machine deals,0,,0,1,0,0,0,0,0,1,0,0,0,0
purchase,espresso machine under 100,1,homecoffeeexpert.com,0,1,0,0,0,0,0,1,0,0,0,0
purchase,espresso machine sale,0,,0,1,0,1,0,0,0,1,0,0,0,1
purchase,buy electric toothbrush,0,,0,1,0,1,0,0,0,1,0,0,0,0
purchase,best electric toothbrush 2026,1,boatengdental.com;cnet.com;electricteeth.com;forbes.com;health.com;stonecreekvillagedentistry.com,0,1,0,0,0,0,0,0,0,0,0,0
purchase,electric toothbrush deals,0,,0,1,0,0,0,0,0,1,0,0,0,0
purchase,electric toothbrush under 100,1,cnet.com;endicottdental.com;reddit.com;rvado.com;techadvisor.com;usmile.us,0,1,0,0,0,0,0,1,0,1,0,0
purchase,electric toothbrush sale,0,,0,1,0,1,0,0,0,1,0,0,0,0
purchase,buy yoga mat,0,,0,1,0,1,0,0,0,1,0,0,0,1
purchase,best yoga mat 2026,1,jerilynfrisbie.com;outdoorgearlab.com;yogajournal.com;youtube.com,0,1,0,0,0,0,0,1,1,0,0,0
purchase,yoga mat deals,0,,0,1,0,0,0,0,0,1,0,0,0,1
purchase,yoga mat under 100,1,amazon.com;gaiam.com;reddit.com;retrospec.com;verywellfit.com;yogabycandace.com,0,1,0,1,0,0,0,1,0,0,0,0
purchase,yoga mat sale,0,,0,1,0,1,0,0,0,1,0,0,0,0
purchase,buy mechanical keyboard,1,bestbuy.com;mechanicalkeyboards.com;reddit.com;rtings.com;unikeyboards.com;vividrepairs.co.uk,0,1,0,1,0,0,0,1,0,0,0,0
purchase,best mechanical keyboard 2026,1,pcmag.com;rtings.com;uk.pcmag.com;youtube.com,0,1,0,0,0,0,0,0,1,0,0,1
purchase,mechanical keyboard deals,0,,0,1,0,0,0,0,0,1,0,0,0,1
purchase,mechanical keyboard under 100,1,keebsforall.com;mkbguide.com;tomshardware.com,0,1,0,0,0,0,0,1,1,1,0,0
purchase,mechanical keyboard sale,0,,0,0,0,0,0,0,0,1,0,0,0,0
purchase,buy hiking boots,0,,0,1,0,1,0,0,0,1,0,0,0,0
purchase,best hiking boots 2026,1,bettertrail.com;campman.com;outdoorgearlab.com;youtube.com,0,1,0,0,0,0,0,1,1,0,0,0
purchase,hiking boots deals,1,merrell.com;steepandcheap.com,0,1,0,0,0,0,0,1,0,0,0,1
purchase,hiking boots under 100,1,adidas.com;hikingfeet.com;mountaineerjourney.com;passportandpiano.com;reddit.com,0,1,0,0,0,0,0,1,0,1,0,0
purchase,hiking boots sale,0,,0,1,0,1,0,0,0,1,0,0,0,1
purchase,buy blender,0,,0,1,0,1,0,0,0,1,0,0,0,0
purchase,best blender 2026,1,bbcgoodfood.com;rtings.com;seriouseats.com;youtube.com,0,1,0,1,0,0,0,0,0,0,0,0
purchase,blender deals,0,,0,1,0,0,0,0,0,1,0,0,0,1
purchase,blender under 100,1,rtings.com,0,0,0,0,0,0,0,1,0,1,0,1
purchase,blender sale,0,,0,1,0,0,0,0,0,1,0,0,0,1
purchase,buy monitor,0,,0,1,0,1,0,0,0,1,0,0,0,0
purchase,best monitor 2026,1,pcmag.com;rtings.com;youtube.com,0,1,0,0,0,0,0,1,1,0,0,1
purchase,monitor deals,0,,0,1,0,0,0,0,0,1,0,0,0,1
purchase,monitor under 100,0,,0,1,0,0,0,0,0,1,0,1,0,1
purchase,monitor sale,1,bestbuy.com,0,1,0,0,0,0,0,1,0,0,0,0
purchase,buy backpack,0,,0,1,0,1,0,0,0,1,0,0,0,0
purchase,best backpack 2026,1,nomadsnation.com;outdoorgearlab.com,0,1,0,0,0,0,0,1,1,0,0,1
purchase,backpack deals,0,,0,0,0,0,0,0,0,1,0,0,0,1
purchase,backpack under 100,0,,0,0,0,1,0,0,0,1,0,1,0,0
purchase,backpack sale,1,,0,1,0,0,0,0,0,1,0,0,0,0
purchase,buy winter jacket,0,,0,1,0,1,0,0,0,1,0,0,0,1
purchase,best winter jacket 2026,1,alpargali.com;bettertrail.com;switchbacktravel.com,0,1,0,0,0,0,0,1,0,0,0,1
purchase,winter jacket deals,1,kohls.com;rei.com,0,1,0,0,0,0,0,1,0,0,0,0
purchase,winter jacket under 100,0,,0,1,0,0,0,0,0,1,1,1,0,0
purchase,winter jacket sale,0,,0,1,0,0,0,0,0,1,0,0,0,0
purchase,buy smartwatch,0,,0,1,0,0,0,0,0,1,0,0,0,0
purchase,best smartwatch 2026,1,gagadget.com;techadvisor.com;trustedreviews.com;wareable.com;youtube.com,0,1,0,0,0,0,0,1,1,0,0,1
purchase,smartwatch deals,0,,0,1,0,0,0,0,0,1,0,0,0,1
purchase,smartwatch under 100,1,youtube.com,0,1,0,0,0,0,0,1,1,0,0,0
purchase,smartwatch sale,0,,0,1,0,1,0,0,0,1,0,0,0,1
purchase,buy air purifier,0,,0,1,0,1,0,0,0,1,0,0,0,1
purchase,best air purifier 2026,1,forbes.com;housefresh.com;sylvane.com;thespruce.com;youtube.com,0,1,0,0,0,0,0,0,1,0,0,0
purchase,air purifier deals,0,,0,1,0,0,0,0,0,1,0,0,0,1
purchase,air purifier under 100,1,airqualitynest.com;everydayhomecomfort.com;housefresh.com,0,1,0,0,0,0,0,1,0,0,0,0
purchase,air purifier sale,0,,0,1,0,1,0,0,0,1,0,0,0,1
purchase,buy cordless drill,0,,0,1,0,1,0,0,0,1,0,0,0,1
purchase,best cordless drill 2026,1,consumerreports.org;techgearlab.com;youtube.com,0,1,0,0,0,0,0,0,0,0,0,1
purchase,cordless drill deals,0,,0,1,0,0,0,0,0,1,0,0,0,1
purchase,cordless drill under 100,1,,0,1,0,1,0,0,0,1,1,1,0,0
purchase,cordless drill sale,0,,0,1,0,0,0,0,0,1,0,0,0,1
purchase,buy mattress,0,,0,1,0,1,0,0,0,1,0,0,0,0
purchase,best mattress 2026,1,mattressclarity.com;ncoa.org;sleepfoundation.org;youtube.com,0,1,0,0,0,0,0,0,0,0,0,1
purchase,mattress deals,0,,0,1,0,0,0,0,0,1,0,0,0,1
purchase,mattress under 100,0,,0,1,0,1,0,0,0,1,1,1,0,0
purchase,mattress sale,0,,0,1,0,1,0,0,0,1,0,0,0,1
comparison,iphone vs samsung,1,backmarket.com;medium.com;miamicenters.com;reddit.com;techindeep.com;youtube.com,0,1,0,0,0,0,0,0,1,1,0,1
comparison,iphone vs samsung which is better,1,backmarket.co.uk;facebook.com;miamicenters.com;quora.com;talkmobile.co.uk;youtube.com,0,1,0,0,0,0,0,0,1,0,0,1
comparison,iphone vs samsung reddit,0,,0,1,0,0,0,0,0,0,0,0,0,0
comparison,iphone vs samsung comparison,1,androidauthority.com;backmarket.co.uk;facebook.com;instagram.com;miamicenters.com;quora.com;talkmobile.co.uk;youtube.com,0,1,0,0,0,0,0,0,1,0,0,1
comparison,iphone vs samsung pros and cons,1,androidauthority.com;backmarket.co.uk;miamicenters.com;quora.com;rokform.com;techindeep.com;youtube.com,0,1,0,0,0,0,0,0,1,0,0,0
comparison,airpods vs bose,1,pickr.com.au;rtings.com;soundguys.com;whathifi.com;youtube.com,0,1,0,0,0,0,0,0,0,1,0,1
comparison,airpods vs bose which is better,1,pickr.com.au;soundguys.com;whathifi.com;youtube.com,0,1,0,0,0,0,0,0,1,1,0,1
comparison,airpods vs bose reddit,0,,0,1,0,0,0,0,0,0,0,0,0,0
comparison,airpods vs bose comparison,1,pcmag.com;pickr.com.au;reddit.com;soundguys.com;whathifi.com;youtube.com,0,1,0,0,0,0,0,0,1,1,0,1
comparison,airpods vs bose pros and cons,1,pickr.com.au;whathifi.com;youtube.com,0,1,0,0,0,0,0,0,1,1,0,0
comparison,dyson vs shark,1,drivenbydecor.com;rtings.com;themomedit.com;uptownwithellybrown.com;youtube.com,0,1,0,0,0,0,0,0,1,0,0,1
comparison,dyson vs shark which is better,1,drivenbydecor.com;homesandgardens.com;quora.com;reddit.com;uptownwithellybrown.com;youtube.com,0,1,0,0,0,0,0,0,1,1,0,1
comparison,dyson vs shark reddit,1,google.com;reddit.com;youtube.com,0,1,0,0,0,0,0,0,0,0,0,0
comparison,dyson vs shark comparison,1,drivenbydecor.com;rtings.com;themomedit.com;uptownwithellybrown.com;youtube.com,0,1,0,0,0,0,0,0,1,0,0,0
comparison,dyson vs shark pros and cons,1,mylifefromhome.com;reddit.com;themomedit.com;youtube.com,0,1,0,0,0,0,0,0,1,1,0,1
comparison,macbook vs thinkpad,1,au.pcmag.com;reddit.com;rtings.com;superuser.com;youtube.com;zdnet.com,0,1,0,0,0,0,0,0,1,0,0,1
comparison,macbook vs thinkpad which is better,1,au.pcmag.com;quora.com;reddit.com;youtube.com;zdnet.com,0,1,0,0,0,0,0,0,1,0,0,1
comparison,macbook vs thinkpad reddit,1,reddit.com;youtube.com,0,1,0,0,0,0,0,0,0,0,0,1
comparison,macbook vs thinkpad comparison,1,au.pcmag.com;bgr.com;quora.com;reddit.com;rtings.com;youtube.com;zdnet.com,0,1,0,0,0,0,0,0,1,0,0,1
comparison,macbook vs thinkpad pros and cons,1,au.pcmag.com;superuser.com;youtube.com;zdnet.com,0,1,0,0,0,0,0,0,1,0,0,0
comparison,nike vs adidas running shoes,1,hibbett.com;runtothefinish.com;youtube.com,0,1,0,0,0,0,0,0,0,1,0,1
comparison,nike vs adidas running shoes which is better,1,hibbett.com;runtothefinish.com;youtube.com,0,1,0,0,0,0,0,0,1,1,0,1
comparison,nike vs adidas running shoes reddit,1,marathonhandbook.com;reddit.com,0,1,0,0,0,0,0,0,0,0,0,0
comparison,nike vs adidas running shoes comparison,1,facebook.com;instagram.com;marathonhandbook.com;runtothefinish.com;youtube.com,0,1,0,0,0,0,0,0,1,1,0,1
comparison,nike vs adidas running shoes pros and cons,1,marathonhandbook.com;rundreamachieve.com;runtothefinish.com;uk.style.yahoo.com;youtube.com,0,1,0,0,0,0,0,0,1,1,0,0
comparison,instant pot vs crockpot,1,consumerreports.org;facebook.com;quora.com;thewelcomingtable.com;youtube.com,0,1,0,0,0,0,0,0,1,0,0,1
comparison,instant pot vs crockpot which is better,1,americastestkitchen.com;facebook.com;marthastewart.com;quora.com;reddit.com;thewelcomingtable.com;tiktok.com;youtube.com,0,1,0,0,0,0,0,0,1,1,0,1
comparison,instant pot vs crockpot reddit,0,,0,1,0,0,0,0,0,0,0,0,0,1
comparison,instant pot vs crockpot comparison,1,facebook.com;reddit.com;youtube.com,0,1,0,0,0,0,0,0,1,0,0,0
comparison,instant pot vs crockpot pros and cons,1,facebook.com;marthastewart.com;quora.com;reddit.com;thewelcomingtable.com;youtube.com,0,1,0,0,0,0,0,0,1,0,0,0
comparison,kindle vs ipad for reading,1,dodocase.com;geekyminded.com;medium.com;reddit.com;thetravelbite.com;tiktok.com;youtube.com,0,1,0,0,0,0,0,0,0,0,0,1
comparison,kindle vs ipad for reading which is better,1,geekyminded.com;medium.com;ooliganpress.com;reddit.com;thetravelbite.com;youtube.com,0,1,0,0,0,0,0,0,1,0,0,1
comparison,kindle vs ipad for reading reddit,1,reddit.com;youtube.com,0,1,0,0,0,0,0,0,0,0,0,1
comparison,kindle vs ipad for reading comparison,1,dodocase.com;ebookfriendly.com;facebook.com;geekyminded.com;medium.com;thetravelbite.com;tiktok.com;youtube.com,0,1,0,0,0,0,0,0,1,0,0,0
comparison,kindle vs ipad for reading pros and cons,1,dodocase.com;geekyminded.com;reddit.com;thetravelbite.com;tiktok.com;youtube.com,0,1,0,0,0,0,0,0,1,0,0,0
comparison,sony vs lg oled,1,avsforum.com;reddit.com;rtings.com;whathifi.com;youtube.com,0,1,0,0,0,0,0,0,0,1,0,1
comparison,sony vs lg oled which is better,1,quora.com;reddit.com;rtings.com;whathifi.com;worldwidestereo.com;youtube.com,0,1,0,0,0,0,0,0,1,1,0,0
comparison,sony vs lg oled reddit,0,,0,1,0,0,0,0,0,0,0,0,0,0
comparison,sony vs lg oled comparison,1,avsforum.com;bajajfinserv.in;rtings.com;youtube.com,0,1,0,0,0,0,0,0,1,1,0,1
comparison,sony vs lg oled pros and cons,1,reddit.com;rtings.com;whathifi.com;youtube.com,0,1,0,0,0,0,0,0,1,0,0,1
comparison,hydro flask vs yeti,1,advnture.com;amazon.com;productplayoffs.com;seriouseats.com;tacticaldistributors.com;youtube.com,0,1,0,0,0,0,0,0,0,1,0,0
comparison,hydro flask vs yeti which is better,1,advnture.com;amazon.com;productplayoffs.com;seriouseats.com;tacticaldistributors.com;youtube.com,0,1,0,0,0,0,0,0,1,1,0,0
comparison,hydro flask vs yeti reddit,1,reddit.com,0,1,0,0,0,0,0,0,0,0,0,0
comparison,hydro flask vs yeti comparison,1,advnture.com;amazon.com;productplayoffs.com;seriouseats.com;tacticaldistributors.com;youtube.com,0,1,0,0,0,0,0,0,1,0,0,0
comparison,hydro flask vs yeti pros and cons,1,dillerbottle.com;gearpatrol.com;outdoorcrunch.com;reddit.com;tasteofhome.com;tiktok.com;youtube.com,0,1,0,0,0,0,0,0,1,1,0,0
comparison,peloton vs echelon,1,cyclingweekly.com;garagegymreviews.com;youtube.com,0,1,0,0,0,0,0,0,0,0,0,0
comparison,peloton vs echelon which is better,1,barbend.com;cyclingweekly.com;garagegymreviews.com;reddit.com;theskidiva.com;tomsguide.com;treadmilldoctor.com;youtube.com,0,1,0,0,0,0,0,0,1,1,0,0
comparison,peloton vs echelon reddit,1,cyclingweekly.com;google.com;reddit.com;youtube.com,0,1,0,0,0,0,0,0,0,0,0,0
comparison,peloton vs echelon comparison,1,cyclingweekly.com;garagegymreviews.com;pcmag.com;youtube.com,0,1,0,0,0,0,0,0,1,1,0,0
comparison,peloton vs echelon pros and cons,1,active.com;barbend.com;cyclingweekly.com;garagegymreviews.com;pcmag.com;reddit.com;theskidiva.com;treadmilldoctor.com;youtube.com,0,1,0,0,0,0,0,0,1,0,0,0
comparison,roomba vs roborock,1,everydayhomecomfort.com;reddit.com;rtings.com;vacuumwars.com;youtube.com,0,1,0,0,0,0,0,0,1,1,0,1
comparison,roomba vs roborock which is better,1,cnet.com;everydayhomecomfort.com;medium.com;reddit.com;rtings.com;vacuummopreviews.com;vacuumwars.com;youtube.com,0,1,0,0,0,0,0,0,1,1,0,1
comparison,roomba vs roborock reddit,0,,0,1,0,0,0,0,0,0,0,0,0,0
comparison,roomba vs roborock comparison,1,cnet.com;everydayhomecomfort.com;rtings.com;vacuumwars.com;youtube.com,0,1,0,0,0,0,0,0,1,1,0,1
comparison,roomba vs roborock pros and cons,1,,0,1,0,0,0,0,0,0,1,1,0,1
comparison,canon vs nikon,1,medium.com;reddit.com;taileephotography.com;youtube.com,0,1,0,0,0,0,0,0,0,1,0,1
comparison,canon vs nikon which is better,1,medium.com;quora.com;reddit.com;slrphotographyguide.com;taileephotography.com;youtube.com,0,1,0,0,0,0,0,0,1,0,0,1
comparison,canon vs nikon reddit,0,,0,1,0,0,0,0,0,0,0,0,0,0
comparison,canon vs nikon comparison,1,medium.com;reddit.com;taileephotography.com;youtube.com,0,1,0,0,0,0,0,0,1,1,0,0
comparison,canon vs nikon pros and cons,1,aftershoot.com;medium.com;reddit.com;taileephotography.com;youtube.com,0,1,0,0,0,0,0,0,1,0,0,0
comparison,xbox vs playstation,1,facebook.com;quora.com;reddit.com;youtube.com,0,1,0,0,0,0,0,0,1,0,0,1
comparison,xbox vs playstation which is better,1,instagram.com;reddit.com;youtube.com,0,1,0,0,0,0,0,0,1,1,0,1
comparison,xbox vs playstation reddit,0,,0,1,0,0,0,0,0,0,0,0,0,1
comparison,xbox vs playstation comparison,1,facebook.com;quora.com;reddit.com;youtube.com,0,1,0,0,0,0,0,0,1,0,0,1
comparison,xbox vs playstation pros and cons,1,eneba.com;instagram.com;privateinternetaccess.com;reddit.com;techradar.com;youtube.com,0,1,0,0,0,0,0,0,1,0,0,1
comparison,fitbit vs apple watch,1,bestbuy.com;facebook.com;nothingbutbands.com;reddit.com;stridekick.com;wareable.com;youtube.com,0,1,0,0,0,0,0,0,1,1,0,1
comparison,fitbit vs apple watch which is better,1,facebook.com;nothingbutbands.com;quora.com;reddit.com;stridekick.com;youtube.com,0,1,0,0,0,0,0,0,1,1,0,0
comparison,fitbit vs apple watch reddit,0,,0,1,0,0,0,0,0,0,0,0,0,0
comparison,fitbit vs apple watch comparison,1,bestbuy.com;facebook.com;nothingbutbands.com;reddit.com;stridekick.com;wareable.com;youtube.com,0,1,0,0,0,0,0,0,1,0,0,0
comparison,fitbit vs apple watch pros and cons,1,garagegymreviews.com;nothingbutbands.com;quora.com;reddit.com;stridekick.com;verywellfit.com;wareable.com;wifihifi.com;youtube.com,0,1,0,0,0,0,0,0,1,0,0,0
comparison,keurig vs nespresso,1,curlsandcashmere.com;reddit.com;reviewed.com;seriouseats.com;tasteofhome.com;tiktok.com;youtube.com,0,1,0,0,0,0,0,0,0,1,0,1
comparison,keurig vs nespresso which is better,1,bonappetit.com;curlsandcashmere.com;facebook.com;foodandwine.com;garrisonstreeteats.com;reddit.com;reviewed.com;seriouseats.com;tiktok.com;youtube.com,0,1,0,0,0,0,0,0,1,1,0,0
comparison,keurig vs nespresso reddit,1,bonappetit.com;reddit.com;shopping.yahoo.com;tiktok.com;youtube.com,0,1,0,0,0,0,0,0,0,0,0,0
comparison,keurig vs nespresso comparison,1,reddit.com;tiktok.com;youtube.com,0,1,0,0,0,0,0,0,1,1,0,0
comparison,keurig vs nespresso pros and cons,1,bonappetit.com;curlsandcashmere.com;facebook.com;quora.com;reddit.com;seriouseats.com;shopping.yahoo.com;tasteofhome.com;youtube.com,0,1,0,0,0,0,0,0,0,0,0,0
comparison,weber vs traeger,1,cnet.com;smokedbbqsource.com;youtube.com,0,1,0,0,0,0,0,0,1,0,0,0
comparison,weber vs traeger which is better,1,cnet.com;facebook.com;shopsilica.com;smokedbbqsource.com;youtube.com,0,1,0,0,0,0,0,0,1,0,0,0
comparison,weber vs traeger reddit,1,reddit.com;youtube.com,0,1,0,0,0,0,0,0,0,0,0,0
comparison,weber vs traeger comparison,1,shopsilica.com;smokedbbqsource.com;youtube.com,0,1,0,0,0,0,0,0,1,1,0,0
comparison,weber vs traeger pros and cons,1,facebook.com;pellethub.co.nz;reddit.com;shopsilica.com;smokedbbqsource.com;youtube.com,0,1,0,0,0,0,0,0,1,0,0,0
comparison,ryobi vs dewalt,1,allaboutthebuild.com;bldrsupply.com;quora.com;reddit.com;youtube.com,0,1,0,0,0,0,0,0,1,0,0,1
comparison,ryobi vs dewalt which is better,1,allaboutthebuild.com;protoolreviews.com;reddit.com,0,1,0,0,0,0,0,0,1,0,0,1
comparison,ryobi vs dewalt reddit,0,,0,1,0,0,0,0,0,0,0,0,0,1
comparison,ryobi vs dewalt comparison,1,allaboutthebuild.com;charlestoncrafted.com;protoolreviews.com;reddit.com;thedrive.com;tiktok.com;youtube.com,0,1,0,0,0,0,0,0,1,0,0,1
comparison,ryobi vs dewalt pros and cons,1,bobvila.com;charlestoncrafted.com;reddit.com;youtube.com,0,1,0,0,0,0,0,0,1,0,0,0
comparison,casper vs purple mattress,1,mattressclarity.com;mattressnerd.com;naplab.com;sleepopolis.com;usnews.com;youtube.com,0,1,0,0,0,0,0,0,1,1,0,0
comparison,casper vs purple mattress which is better,1,mattressnerd.com;naplab.com;sleepadvisor.org;sleepfoundation.org;usnews.com;youtube.com,0,1,0,0,0,0,0,0,0,1,0,0
comparison,casper vs purple mattress reddit,1,reddit.com;sleepfoundation.org;walkerfurniture.com;youtube.com,0,1,0,0,0,0,0,0,0,0,0,0
comparison,casper vs purple mattress comparison,1,casper.com;mattressnerd.com;naplab.com;sleepopolis.com;walkerfurniture.com;youtube.com,0,1,0,0,0,0,0,0,1,0,0,0
comparison,casper vs purple mattress pros and cons,1,casper.com;mattressclarity.com;mattressnerd.com;mattressoverstock.us;naplab.com;reddit.com;sleepopolis.com;youtube.com,0,1,0,0,0,0,0,0,1,0,0,0
comparison,jbl vs bose speaker,1,reddit.com;rtings.com;soundguys.com;youtube.com,0,1,0,0,0,0,0,0,0,0,0,1
comparison,jbl vs bose speaker which is better,1,quora.com;reddit.com;smarthomesounds.co.uk;soundguys.com;youtube.com,0,1,0,0,0,0,0,0,1,0,0,1
comparison,jbl vs bose speaker reddit,1,eneba.com;reddit.com;youtube.com,0,1,0,0,0,0,0,0,0,0,0,0
comparison,jbl vs bose speaker comparison,1,reddit.com;rtings.com;soundguys.com;youtube.com,0,1,0,0,0,0,0,0,1,0,0,0
comparison,jbl vs bose speaker pros and cons,1,elomymelo.com;nanotheatre.com;reddit.com;smarthomesounds.co.uk;soundguys.com;youtube.com,0,1,0,0,0,0,0,0,1,0,0,0
comparison,garmin vs apple watch running,1,facebook.com;petematheson.com;reddit.com;rundreamachieve.com;weeviews.com;youtube.com,0,1,0,0,0,0,0,0,0,1,0,1
comparison,garmin vs apple watch running which is better,1,bikelabhq.com;facebook.com;instagram.com;itwriting.com;laurenkaysims.com;petematheson.com;reddit.com;runtothefinish.com;runweekly.com;tiktok.com;weeviews.com;youtube.com,0,1,0,0,0,0,0,0,1,0,0,0
comparison,garmin vs apple watch running reddit,1,reddit.com;tiktok.com,0,1,0,0,0,0,0,0,0,0,0,1
comparison,garmin vs apple watch running comparison,1,runweekly.com;weeviews.com;youtube.com,0,1,0,0,0,0,0,0,1,1,0,0
comparison,garmin vs apple watch running pros and cons,1,petematheson.com;reddit.com;robbsutton.com;runweekly.com;youtube.com,0,1,0,0,0,0,0,0,1,0,0,0
recipe,banana bread recipe,0,,0,1,0,0,1,0,0,0,0,0,0,1
recipe,easy banana bread recipe,0,,0,1,0,0,1,0,0,0,0,0,0,1
recipe,best banana bread recipe,0,,0,1,0,0,1,0,0,0,0,0,0,1
recipe,homemade banana bread,0,,0,1,0,0,1,0,0,0,0,0,0,1
recipe,banana bread recipe from scratch,0,,0,1,0,0,1,0,0,0,0,0,0,1
recipe,chicken parmesan recipe,0,,0,1,0,0,1,0,0,0,0,0,0,0
recipe,easy chicken parmesan recipe,0,,0,1,0,0,1,0,0,0,0,0,0,1
recipe,best chicken parmesan recipe,0,,0,1,0,0,1,0,0,0,0,0,0,1
recipe,homemade chicken parmesan,0,,0,1,0,0,1,0,0,0,0,0,0,1
recipe,chicken parmesan recipe from scratch,0,,0,1,0,0,1,0,0,0,0,0,0,0
recipe,chocolate chip cookies recipe,0,,0,1,0,0,1,0,0,0,0,0,0,0
recipe,easy chocolate chip cookies recipe,0,,0,1,0,0,1,0,0,0,0,0,0,0
recipe,best chocolate chip cookies recipe,0,,0,1,0,0,1,0,0,0,0,0,0,1
recipe,homemade chocolate chip cookies,0,,0,1,0,0,1,0,0,0,0,0,0,0
recipe,chocolate chip cookies recipe from scratch,0,,0,1,0,0,1,0,0,0,1,0,0,0
recipe,beef stew recipe,0,,0,1,0,0,1,0,0,0,0,0,0,1
recipe,easy beef stew recipe,0,,0,1,0,0,1,0,0,0,0,0,0,0
recipe,best beef stew recipe,0,,0,1,0,0,1,0,0,0,0,0,0,0
recipe,homemade beef stew,0,,0,1,0,0,1,0,0,0,1,0,0,1
recipe,beef stew recipe from scratch,0,,0,1,0,0,1,0,0,0,1,0,0,0
recipe,pancakes recipe,0,,0,1,0,0,1,0,0,0,0,0,0,0
recipe,easy pancakes recipe,0,,0,1,0,0,1,0,0,0,0,0,0,0
recipe,best pancakes recipe,0,,0,1,0,0,1,0,0,0,0,0,0,0
recipe,homemade pancakes,0,,0,1,0,0,1,0,0,0,0,0,0,0
recipe,pancakes recipe from scratch,0,,0,1,0,0,1,0,0,0,0,0,0,1
recipe,lasagna recipe,0,,0,1,0,0,1,0,0,0,0,0,0,1
recipe,easy lasagna recipe,0,,0,1,0,0,1,0,0,0,0,0,0,1
recipe,best lasagna recipe,0,,0,1,0,0,1,0,0,0,0,0,0,1
recipe,homemade lasagna,0,,0,1,0,1,1,0,0,0,0,0,0,1
recipe,lasagna recipe from scratch,0,,0,1,0,0,1,0,0,0,0,0,0,0
recipe,chili recipe,0,,0,1,0,0,1,0,0,0,0,0,0,1
recipe,easy chili recipe,0,,0,1,0,0,1,0,0,0,0,0,0,0
recipe,best chili recipe,0,,0,1,0,0,1,0,0,0,0,0,0,1
recipe,homemade chili,0,,0,1,0,0,1,0,0,0,0,0,0,0
recipe,chili recipe from scratch,0,,0,1,0,0,1,0,0,0,0,0,0,0
recipe,meatloaf recipe,0,,0,1,0,0,1,0,0,0,0,0,0,1
recipe,easy meatloaf recipe,0,,0,1,0,0,1,0,0,0,0,0,0,1
recipe,best meatloaf recipe,0,,0,1,0,0,1,0,0,0,0,0,0,1
recipe,homemade meatloaf,0,,0,1,0,0,1,0,0,0,0,0,0,1
recipe,meatloaf recipe from scratch,0,,0,1,0,0,1,0,0,0,0,0,0,0
recipe,carrot cake recipe,0,,0,1,0,0,1,0,0,0,0,0,0,1
recipe,easy carrot cake recipe,0,,0,1,0,0,1,0,0,0,0,0,0,0
recipe,best carrot cake recipe,0,,0,1,0,0,1,0,0,0,0,0,0,1
recipe,homemade carrot cake,0,,0,1,0,0,1,0,0,0,0,0,0,1
recipe,carrot cake recipe from scratch,0,,0,1,0,0,1,0,0,0,0,0,0,1
recipe,fried rice recipe,0,,0,1,0,0,1,0,0,0,0,0,0,1
recipe,easy fried rice recipe,0,,0,1,0,0,1,0,0,0,0,0,0,0
recipe,best fried rice recipe,0,,0,1,0,0,1,0,0,0,0,0,0,0
recipe,homemade fried rice,0,,0,1,0,0,1,0,0,0,0,0,0,1
recipe,fried rice recipe from scratch,0,,0,1,0,0,1,0,0,0,1,0,0,0
recipe,pot roast recipe,0,,0,1,0,0,1,0,0,0,0,0,0,1
recipe,easy pot roast recipe,0,,0,1,0,0,1,0,0,0,0,0,0,0
recipe,best pot roast recipe,0,,0,1,0,0,1,0,0,0,0,0,0,1
recipe,homemade pot roast,0,,0,1,0,0,1,0,0,0,0,0,0,0
recipe,pot roast recipe from scratch,1,billyparisi.com;sipandfeast.com;southernkitchen.com;spendwithpennies.com;thekitchn.com;youtube.com,0,1,0,0,1,0,0,0,0,0,0,0
recipe,brownies recipe,0,,0,1,0,0,1,0,0,0,0,0,0,1
recipe,easy brownies recipe,0,,0,1,0,0,1,0,0,0,0,0,0,0
recipe,best brownies recipe,0,,0,1,0,0,1,0,0,0,0,0,0,1
recipe,homemade brownies,0,,0,1,1,0,1,0,0,0,0,0,0,0
recipe,brownies recipe from scratch,0,,0,1,0,0,1,0,0,0,0,0,0,1
recipe,mac and cheese recipe,0,,0,1,0,0,1,0,0,0,0,0,0,1
recipe,easy mac and cheese recipe,0,,0,1,0,0,1,0,0,0,0,0,0,1
recipe,best mac and cheese recipe,0,,0,1,0,0,1,0,0,0,0,0,0,1
recipe,homemade mac and cheese,0,,0,1,0,0,0,0,0,0,0,0,0,1
recipe,mac and cheese recipe from scratch,0,,0,1,0,0,1,0,0,0,0,0,0,0
recipe,apple pie recipe,0,,0,1,0,0,1,0,0,0,0,0,0,1
recipe,easy apple pie recipe,0,,0,1,0,0,1,0,0,0,0,0,0,1
recipe,best apple pie recipe,0,,0,1,0,0,1,0,0,0,0,0,0,0
recipe,homemade apple pie,0,,0,1,0,0,1,0,0,0,0,0,0,1
recipe,apple pie recipe from scratch,0,,0,1,0,0,1,0,0,0,0,0,0,1
recipe,salmon recipe,0,,0,1,0,0,1,0,0,0,0,0,0,1
recipe,easy salmon recipe,0,,0,1,0,0,1,0,0,0,0,0,0,1
recipe,best salmon recipe,0,,0,1,0,0,1,0,0,0,0,0,0,0
recipe,homemade salmon,0,,0,1,0,0,1,0,0,0,1,0,0,0
recipe,salmon recipe from scratch,1,finedininglovers.com;lecremedelacrumb.com;tastesbetterfromscratch.com;youtube.com,0,1,0,0,1,0,0,0,1,0,0,1
recipe,pizza dough recipe,0,,0,1,0,0,1,0,0,0,0,0,0,1
recipe,easy pizza dough recipe,0,,0,1,0,0,1,0,0,0,0,0,0,0
recipe,best pizza dough recipe,0,,0,1,0,0,1,0,0,0,0,0,0,0
recipe,homemade pizza dough,0,,0,1,0,0,1,0,0,0,0,0,0,1
recipe,pizza dough recipe from scratch,0,,0,1,0,0,1,0,0,0,1,0,0,0
recipe,cheesecake recipe,0,,0,1,0,0,1,0,0,0,0,0,0,1
recipe,easy cheesecake recipe,0,,0,1,0,0,1,0,0,0,0,0,0,0
recipe,best cheesecake recipe,0,,0,1,0,0,1,0,0,0,0,0,0,1
recipe,homemade cheesecake,0,,0,1,0,0,0,0,0,0,0,0,0,1
recipe,cheesecake recipe from scratch,0,,0,1,0,0,1,0,0,0,1,0,0,1
recipe,tacos recipe,1,bettycrocker.com;feelgoodfoodie.net;natashaskitchen.com;thekitchn.com;youtube.com,0,1,0,0,1,0,0,0,0,0,0,0
recipe,easy tacos recipe,0,,0,1,0,0,1,0,0,0,0,0,0,0
recipe,best tacos recipe,0,,0,1,0,0,1,0,0,0,1,0,0,0
recipe,homemade tacos,0,,0,1,0,1,1,0,0,0,1,0,0,0
recipe,tacos recipe from scratch,1,feelgoodfoodie.net;ortega.com;thewholesomedish.com;youtube.com,0,1,0,0,1,0,0,0,0,0,0,0
recipe,french onion soup recipe,0,,0,1,0,0,1,0,0,0,0,0,0,0
recipe,easy french onion soup recipe,0,,0,1,0,0,1,0,0,0,0,0,0,0
recipe,best french onion soup recipe,0,,0,1,0,0,1,0,0,0,0,0,0,0
recipe,homemade french onion soup,0,,0,1,0,0,1,0,0,0,0,0,0,0
recipe,french onion soup recipe from scratch,0,,0,1,0,0,1,0,0,0,1,0,0,0
recipe,cinnamon rolls recipe,0,,0,1,0,0,1,0,0,0,0,0,0,0
recipe,easy cinnamon rolls recipe,0,,0,1,0,0,1,0,0,0,0,0,0,1
recipe,best cinnamon rolls recipe,0,,0,1,0,0,1,0,0,0,0,0,0,1
recipe,homemade cinnamon rolls,0,,0,1,0,0,1,0,0,0,0,0,0,1
recipe,cinnamon rolls recipe from scratch,0,,0,1,0,0,1,0,0,0,0,0,0,0
